model,trial,rmse,params,failure,operator
lstm_cov,27,7.826345665145785,"{""lookback"": 8, ""covariates"": false, ""context"": ""rain_only"", ""epochs"": 120, ""lr"": 0.0014832463186443675, ""batch_size"": 64, ""dropout"": 0.0}",,gp
lstm_cov,19,7.987126732018715,"{""lookback"": 48, ""covariates"": false, ""context"": ""rain_only"", ""epochs"": 90, ""lr"": 0.002115503167645315, ""batch_size"": 32, ""dropout"": 0.2}",,gp
lstm_cov,2,8.215922209730975,"{""lookback"": 24, ""covariates"": false, ""context"": ""none"", ""epochs"": 60, ""lr"": 0.001101036419609077, ""batch_size"": 16, ""dropout"": 0.2}",,gp
lstm_cov,14,8.297788379518288,"{""lookback"": 24, ""covariates"": false, ""context"": ""rain_only"", ""epochs"": 60, ""lr"": 0.0004897958846904056, ""batch_size"": 16, ""dropout"": 0.0}",,gp
lstm_cov,8,8.34738631879098,"{""lookback"": 24, ""covariates"": false, ""context"": ""none"", ""epochs"": 40, ""lr"": 0.0015566745292900604, ""batch_size"": 64, ""dropout"": 0.0}",,gp
lstm_cov,9,8.359463654894899,"{""lookback"": 24, ""covariates"": false, ""context"": ""none"", ""epochs"": 60, ""lr"": 0.0006647780626301326, ""batch_size"": 32, ""dropout"": 0.2}",,gp
lstm_cov,1,8.421834405331737,"{""lookback"": 12, ""covariates"": false, ""context"": ""rain_only"", ""epochs"": 120, ""lr"": 0.004327576253748584, ""batch_size"": 64, ""dropout"": 0.2}",,gp
lstm_cov,7,8.506174668419805,"{""lookback"": 24, ""covariates"": false, ""context"": ""none"", ""epochs"": 90, ""lr"": 0.004086050334527402, ""batch_size"": 32, ""dropout"": 0.2}",,gp
lstm_cov,16,8.625466906521076,"{""lookback"": 24, ""covariates"": true, ""context"": ""rain_only"", ""epochs"": 60, ""lr"": 0.002131699356155855, ""batch_size"": 64, ""dropout"": 0.0}",,gp
lstm_cov,15,8.683310541552776,"{""lookback"": 24, ""covariates"": true, ""context"": ""rain_only"", ""epochs"": 60, ""lr"": 0.0021772450274178527, ""batch_size"": 16, ""dropout"": 0.2}",,gp
lstm_cov,25,8.810980339292225,"{""lookback"": 12, ""covariates"": true, ""context"": ""rain_only"", ""epochs"": 90, ""lr"": 0.000762094746862932, ""batch_size"": 64, ""dropout"": 0.2}",,gp
lstm_cov,11,8.875952140528241,"{""lookback"": 36, ""covariates"": true, ""context"": ""rain_only"", ""epochs"": 120, ""lr"": 0.001167357404587288, ""batch_size"": 64, ""dropout"": 0.0}",,gp
lstm_cov,4,9.069842942412697,"{""lookback"": 8, ""covariates"": true, ""context"": ""none"", ""epochs"": 20, ""lr"": 0.005463905449709552, ""batch_size"": 16, ""dropout"": 0.1}",,gp
lstm_cov,17,9.111077458361152,"{""lookback"": 36, ""covariates"": false, ""context"": ""rain_only"", ""epochs"": 60, ""lr"": 0.0006366601863260838, ""batch_size"": 16, ""dropout"": 0.1}",,gp
lstm_cov,29,9.254108409703493,"{""lookback"": 8, ""covariates"": true, ""context"": ""rain_only"", ""epochs"": 90, ""lr"": 0.001365043718971339, ""batch_size"": 16, ""dropout"": 0.1}",,gp
lstm_cov,6,9.433466992906268,"{""lookback"": 36, ""covariates"": true, ""context"": ""none"", ""epochs"": 20, ""lr"": 0.0015412771904202464, ""batch_size"": 32, ""dropout"": 0.0}",,gp
lstm_cov,3,9.541292983885539,"{""lookback"": 36, ""covariates"": true, ""context"": ""rain_only"", ""epochs"": 120, ""lr"": 0.0014203236332087487, ""batch_size"": 32, ""dropout"": 0.0}",,gp
lstm_cov,28,9.620003601117316,"{""lookback"": 36, ""covariates"": false, ""context"": ""none"", ""epochs"": 60, ""lr"": 0.0005576025723578591, ""batch_size"": 32, ""dropout"": 0.2}",,gp
lstm_cov,0,9.665416460034361,"{""lookback"": 8, ""covariates"": true, ""context"": ""rain_only"", ""epochs"": 60, ""lr"": 0.006090623834547103, ""batch_size"": 16, ""dropout"": 0.2}",,gp
lstm_cov,13,9.698108875429961,"{""lookback"": 36, ""covariates"": true, ""context"": ""none"", ""epochs"": 90, ""lr"": 0.003556334654410625, ""batch_size"": 16, ""dropout"": 0.2}",,gp
lstm_cov,22,9.708762344763125,"{""lookback"": 36, ""covariates"": false, ""context"": ""none"", ""epochs"": 60, ""lr"": 0.0005117691688462442, ""batch_size"": 32, ""dropout"": 0.2}",,gp
lstm_cov,5,9.88389469607391,"{""lookback"": 8, ""covariates"": true, ""context"": ""none"", ""epochs"": 40, ""lr"": 0.00902353369029003, ""batch_size"": 32, ""dropout"": 0.2}",,gp
lstm_cov,21,9.932019972651704,"{""lookback"": 12, ""covariates"": false, ""context"": ""all"", ""epochs"": 20, ""lr"": 0.003777347641562237, ""batch_size"": 64, ""dropout"": 0.1}",,gp
lstm_cov,20,10.006997686091077,"{""lookback"": 48, ""covariates"": true, ""context"": ""rain_only"", ""epochs"": 60, ""lr"": 0.005209254754151384, ""batch_size"": 16, ""dropout"": 0.0}",,gp
lstm_cov,24,10.321806289809997,"{""lookback"": 36, ""covariates"": false, ""context"": ""none"", ""epochs"": 20, ""lr"": 0.0004537638927164481, ""batch_size"": 32, ""dropout"": 0.2}",,gp
lstm_cov,10,10.722008073779412,"{""lookback"": 48, ""covariates"": false, ""context"": ""all"", ""epochs"": 120, ""lr"": 0.0034957478129854108, ""batch_size"": 16, ""dropout"": 0.0}",,gp
lstm_cov,12,11.964179714416426,"{""lookback"": 12, ""covariates"": true, ""context"": ""rain_only"", ""epochs"": 20, ""lr"": 0.0006047240031389557, ""batch_size"": 64, ""dropout"": 0.0}",,gp
lstm_cov,26,11.990970423396769,"{""lookback"": 12, ""covariates"": true, ""context"": ""all"", ""epochs"": 90, ""lr"": 0.0014502548792349637, ""batch_size"": 64, ""dropout"": 0.0}",,gp
lstm_cov,23,11.99764705451328,"{""lookback"": 24, ""covariates"": false, ""context"": ""all"", ""epochs"": 40, ""lr"": 0.0008635502350628375, ""batch_size"": 64, ""dropout"": 0.1}",,gp
lstm_cov,18,13.121252650396485,"{""lookback"": 48, ""covariates"": true, ""context"": ""all"", ""epochs"": 40, ""lr"": 0.00036805206677463704, ""batch_size"": 64, ""dropout"": 0.0}",,gp
