operator,fold,tau,method,group,n,coverage,coverage_lo,coverage_hi,coverage_gap,sla_violation_rate,mean_allocation_ratio,overprovision_ratio,cost,error
gp,0,0.8,marginal,ALL,66,0.8181818181818182,0.7039345441700697,0.9023647979841516,0.018181818181818188,0.18181818181818182,1.0773665522899851,0.13017611782683755,18.62092867363296,
gp,0,0.8,marginal,baseline,66,0.8181818181818182,0.7039345441700697,0.9023647979841516,0.018181818181818188,0.18181818181818182,1.0773665522899851,0.13017611782683755,18.62092867363296,
gp,0,0.8,adaptive,ALL,66,0.7575757575757576,0.6363888076622838,0.8546316735018541,-0.042424242424242475,0.24242424242424243,1.0808846461778272,0.1592327347191797,21.039190543554206,
gp,0,0.8,adaptive,baseline,66,0.7575757575757576,0.6363888076622838,0.8546316735018541,-0.042424242424242475,0.24242424242424243,1.0808846461778272,0.1592327347191797,21.039190543554206,
gp,0,0.8,mondrian,ALL,66,0.8181818181818182,0.7039345441700697,0.9023647979841516,0.018181818181818188,0.18181818181818182,1.0773665522899851,0.13017611782683755,18.62092867363296,
gp,0,0.8,mondrian,baseline,66,0.8181818181818182,0.7039345441700697,0.9023647979841516,0.018181818181818188,0.18181818181818182,1.0773665522899851,0.13017611782683755,18.62092867363296,
gp,0,0.9,marginal,ALL,66,0.9090909090909091,0.8125573488135269,0.9659028672287315,0.009090909090909038,0.09090909090909091,1.1203322740185564,0.16149333822726086,17.383580326263168,
gp,0,0.9,marginal,baseline,66,0.9090909090909091,0.8125573488135269,0.9659028672287315,0.009090909090909038,0.09090909090909091,1.1203322740185564,0.16149333822726086,17.383580326263168,
gp,0,0.9,adaptive,ALL,66,0.8636363636363636,0.7568586684861609,0.9357018153567446,-0.036363636363636376,0.13636363636363635,1.1347534930422818,0.20470727324145524,18.63334451844095,
gp,0,0.9,adaptive,baseline,66,0.8636363636363636,0.7568586684861609,0.9357018153567446,-0.036363636363636376,0.13636363636363635,1.1347534930422818,0.20470727324145524,18.63334451844095,
gp,0,0.9,mondrian,ALL,66,0.9090909090909091,0.8125573488135269,0.9659028672287315,0.009090909090909038,0.09090909090909091,1.1203322740185564,0.16149333822726086,17.383580326263168,
gp,0,0.9,mondrian,baseline,66,0.9090909090909091,0.8125573488135269,0.9659028672287315,0.009090909090909038,0.09090909090909091,1.1203322740185564,0.16149333822726086,17.383580326263168,
gp,0,0.95,marginal,ALL,66,0.9696969696969697,0.8947833514203487,0.9963088610385701,0.01969696969696977,0.030303030303030304,1.2106848637106324,0.24391126160597462,20.592152790618638,
gp,0,0.95,marginal,baseline,66,0.9696969696969697,0.8947833514203487,0.9963088610385701,0.01969696969696977,0.030303030303030304,1.2106848637106324,0.24391126160597462,20.592152790618638,
gp,0,0.95,adaptive,ALL,66,0.9090909090909091,0.8125573488135269,0.9659028672287315,-0.040909090909090895,0.09090909090909091,1.148518565315275,0.2108809579122218,18.653271082953374,
gp,0,0.95,adaptive,baseline,66,0.9090909090909091,0.8125573488135269,0.9659028672287315,-0.040909090909090895,0.09090909090909091,1.148518565315275,0.2108809579122218,18.653271082953374,
gp,0,0.95,mondrian,ALL,66,0.9696969696969697,0.8947833514203487,0.9963088610385701,0.01969696969696977,0.030303030303030304,1.2106848637106324,0.24391126160597462,20.592152790618638,
gp,0,0.95,mondrian,baseline,66,0.9696969696969697,0.8947833514203487,0.9963088610385701,0.01969696969696977,0.030303030303030304,1.2106848637106324,0.24391126160597462,20.592152790618638,
gp,1,0.8,marginal,ALL,66,0.8181818181818182,0.7039345441700697,0.9023647979841516,0.018181818181818188,0.18181818181818182,1.077872491157805,0.13173492904966477,18.86378678404193,
gp,1,0.8,marginal,baseline,49,0.8979591836734694,0.7777233037173732,0.9660282950160443,0.09795918367346934,0.10204081632653061,1.089112657273545,0.12459000459841395,13.31767249818379,
gp,1,0.8,marginal,elevated_risk,17,0.5882352941176471,0.3292471539467574,0.8155630382160532,-0.21176470588235297,0.4117647058823529,1.0474668039665427,0.16317259663516853,34.849645607985984,
gp,1,0.8,adaptive,ALL,66,0.8484848484848485,0.7389589287110891,0.9248753700606944,0.048484848484848464,0.15151515151515152,1.0863837401086334,0.13496877217772874,16.216173747625415,
gp,1,0.8,adaptive,baseline,49,0.8775510204081632,0.7523070316403171,0.9537109689181043,0.0775510204081632,0.12244897959183673,1.0901351799283632,0.13213411495602023,14.091931200613573,
gp,1,0.8,adaptive,elevated_risk,17,0.7647058823529411,0.5010067267954201,0.9318922595626433,-0.03529411764705892,0.23529411764705882,1.0762357490112584,0.14434494606491832,22.3389905007772,
gp,1,0.8,mondrian,ALL,66,0.8181818181818182,0.7039345441700697,0.9023647979841516,0.018181818181818188,0.18181818181818182,1.077872491157805,0.13173492904966477,18.86378678404193,
gp,1,0.8,mondrian,baseline,49,0.8979591836734694,0.7777233037173732,0.9660282950160443,0.09795918367346934,0.10204081632653061,1.089112657273545,0.12459000459841395,13.31767249818379,
gp,1,0.8,mondrian,elevated_risk,17,0.5882352941176471,0.3292471539467574,0.8155630382160532,-0.21176470588235297,0.4117647058823529,1.0474668039665427,0.16317259663516853,34.849645607985984,
gp,1,0.9,marginal,ALL,66,0.8939393939393939,0.793606517867613,0.9562815509014071,-0.0060606060606061,0.10606060606060606,1.1281426553934075,0.17236818858482933,16.201786532053006,
gp,1,0.9,marginal,baseline,49,0.9591836734693877,0.8602128129775362,0.9950181581650287,0.05918367346938769,0.04081632653061224,1.1402313089711194,0.16892382215444762,14.346133297902384,
gp,1,0.9,marginal,elevated_risk,17,0.7058823529411765,0.4404172812456629,0.8968644856296799,-0.1941176470588235,0.29411764705882354,1.095441731273369,0.18585862377049087,21.550434089310667,
gp,1,0.9,adaptive,ALL,66,0.8939393939393939,0.793606517867613,0.9562815509014071,-0.0060606060606061,0.10606060606060606,1.1218116913012621,0.16556571948867507,14.996756804657931,
gp,1,0.9,adaptive,baseline,49,0.8979591836734694,0.7777233037173732,0.9660282950160443,-0.0020408163265306367,0.10204081632653061,1.1228329580858623,0.16554426034007405,14.347281268733234,
gp,1,0.9,adaptive,elevated_risk,17,0.8823529411764706,0.6355908378987498,0.9854206831596976,-0.01764705882352946,0.11764705882352941,1.11904907035139,0.16562866632457157,16.868774525852654,
gp,1,0.9,mondrian,ALL,66,0.8939393939393939,0.793606517867613,0.9562815509014071,-0.0060606060606061,0.10606060606060606,1.1281426553934075,0.17236818858482933,16.201786532053006,
gp,1,0.9,mondrian,baseline,49,0.9591836734693877,0.8602128129775362,0.9950181581650287,0.05918367346938769,0.04081632653061224,1.1402313089711194,0.16892382215444762,14.346133297902384,
gp,1,0.9,mondrian,elevated_risk,17,0.7058823529411765,0.4404172812456629,0.8968644856296799,-0.1941176470588235,0.29411764705882354,1.095441731273369,0.18585862377049087,21.550434089310667,
gp,1,0.95,marginal,ALL,66,0.9696969696969697,0.8947833514203487,0.9963088610385701,0.01969696969696977,0.030303030303030304,1.1839267018988233,0.21550360988801018,17.373026967414322,
gp,1,0.95,marginal,baseline,49,1.0,0.9274807363357226,1.0,0.050000000000000044,0.0,1.1969569092740533,0.21948835594961325,17.550040542152615,
gp,1,0.95,marginal,elevated_risk,17,0.8823529411764706,0.6355908378987498,0.9854206831596976,-0.0676470588235294,0.11764705882352941,1.1486787878191786,0.20248677275344013,16.862811369639246,
gp,1,0.95,adaptive,ALL,66,0.9696969696969697,0.8947833514203487,0.9963088610385701,0.01969696969696977,0.030303030303030304,1.187990146422023,0.2210058568168481,17.15358680531223,
gp,1,0.95,adaptive,baseline,49,0.9591836734693877,0.8602128129775362,0.9950181581650287,0.009183673469387754,0.04081632653061224,1.1839115237804796,0.2202641305761116,16.548988747189366,
gp,1,0.95,adaptive,elevated_risk,17,1.0,0.8049356770309068,1.0,0.050000000000000044,0.0,1.1990231972624636,0.2230565117177078,18.896251796372265,
gp,1,0.95,mondrian,ALL,66,0.9696969696969697,0.8947833514203487,0.9963088610385701,0.01969696969696977,0.030303030303030304,1.1839267018988233,0.21550360988801018,17.373026967414322,
gp,1,0.95,mondrian,baseline,49,1.0,0.9274807363357226,1.0,0.050000000000000044,0.0,1.1969569092740533,0.21948835594961325,17.550040542152615,
gp,1,0.95,mondrian,elevated_risk,17,0.8823529411764706,0.6355908378987498,0.9854206831596976,-0.0676470588235294,0.11764705882352941,1.1486787878191786,0.20248677275344013,16.862811369639246,
gp,2,0.8,marginal,ALL,66,0.9090909090909091,0.8125573488135269,0.9659028672287315,0.10909090909090902,0.09090909090909091,1.103943439569603,0.14946523104793108,13.528936445726206,
gp,2,0.8,marginal,baseline,66,0.9090909090909091,0.8125573488135269,0.9659028672287315,0.10909090909090902,0.09090909090909091,1.103943439569603,0.14946523104793108,13.528936445726206,
gp,2,0.8,adaptive,ALL,66,0.8484848484848485,0.7389589287110891,0.9248753700606944,0.048484848484848464,0.15151515151515152,1.107410723513486,0.16996748505697484,14.464640362623905,
gp,2,0.8,adaptive,baseline,66,0.8484848484848485,0.7389589287110891,0.9248753700606944,0.048484848484848464,0.15151515151515152,1.107410723513486,0.16996748505697484,14.464640362623905,
gp,2,0.8,mondrian,ALL,66,0.8636363636363636,0.7568586684861609,0.9357018153567446,0.0636363636363636,0.13636363636363635,1.0851654728647144,0.1366163478802197,13.761202983053678,
gp,2,0.8,mondrian,baseline,66,0.8636363636363636,0.7568586684861609,0.9357018153567446,0.0636363636363636,0.13636363636363635,1.0851654728647144,0.1366163478802197,13.761202983053678,
gp,2,0.9,marginal,ALL,66,0.9696969696969697,0.8947833514203487,0.9963088610385701,0.0696969696969697,0.030303030303030304,1.141637871406095,0.17899935326547145,15.030444736028937,
gp,2,0.9,marginal,baseline,66,0.9696969696969697,0.8947833514203487,0.9963088610385701,0.0696969696969697,0.030303030303030304,1.141637871406095,0.17899935326547145,15.030444736028937,
gp,2,0.9,adaptive,ALL,66,0.9242424242424242,0.8319934099362835,0.9749443870832766,0.024242424242424176,0.07575757575757576,1.1427752414001433,0.1961337269121847,15.896587324406307,
gp,2,0.9,adaptive,baseline,66,0.9242424242424242,0.8319934099362835,0.9749443870832766,0.024242424242424176,0.07575757575757576,1.1427752414001433,0.1961337269121847,15.896587324406307,
gp,2,0.9,mondrian,ALL,66,0.9545454545454546,0.8728574940886829,0.9905262614362937,0.054545454545454564,0.045454545454545456,1.1190301593723975,0.15778713570342637,13.759539993362928,
gp,2,0.9,mondrian,baseline,66,0.9545454545454546,0.8728574940886829,0.9905262614362937,0.054545454545454564,0.045454545454545456,1.1190301593723975,0.15778713570342637,13.759539993362928,
gp,2,0.95,marginal,ALL,66,0.9696969696969697,0.8947833514203487,0.9963088610385701,0.01969696969696977,0.030303030303030304,1.165837313764719,0.20443661674766497,16.479115296198206,
gp,2,0.95,marginal,baseline,66,0.9696969696969697,0.8947833514203487,0.9963088610385701,0.01969696969696977,0.030303030303030304,1.165837313764719,0.20443661674766497,16.479115296198206,
gp,2,0.95,adaptive,ALL,66,0.9545454545454546,0.8728574940886829,0.9905262614362937,0.00454545454545463,0.045454545454545456,1.1700751592744352,0.22050639950372117,17.66512786187332,
gp,2,0.95,adaptive,baseline,66,0.9545454545454546,0.8728574940886829,0.9905262614362937,0.00454545454545463,0.045454545454545456,1.1700751592744352,0.22050639950372117,17.66512786187332,
gp,2,0.95,mondrian,ALL,66,0.9696969696969697,0.8947833514203487,0.9963088610385701,0.01969696969696977,0.030303030303030304,1.1537553513251497,0.19173665212026658,15.755843121745084,
gp,2,0.95,mondrian,baseline,66,0.9696969696969697,0.8947833514203487,0.9963088610385701,0.01969696969696977,0.030303030303030304,1.1537553513251497,0.19173665212026658,15.755843121745084,
gp,3,0.8,marginal,ALL,66,0.7575757575757576,0.6363888076622838,0.8546316735018541,-0.042424242424242475,0.24242424242424243,1.0900069542617805,0.15420066173276495,16.802838988369427,
gp,3,0.8,marginal,baseline,32,0.78125,0.6002717362878925,0.9072284677152807,-0.018750000000000044,0.21875,1.1308168926863786,0.20360515998132367,18.71243215638732,
gp,3,0.8,marginal,elevated_risk,34,0.7352941176470589,0.5563846316948933,0.8711826084164918,-0.06470588235294117,0.2647058823529412,1.0545775371918642,0.10479616348420619,15.005574830234941,
gp,3,0.8,adaptive,ALL,66,0.8484848484848485,0.7389589287110891,0.9248753700606944,0.048484848484848464,0.15151515151515152,1.1240918803418298,0.17724389414277603,15.222530731513015,
gp,3,0.8,adaptive,baseline,32,0.90625,0.7497730493162054,0.9802328198267152,0.10624999999999996,0.09375,1.1829002493146372,0.2271842267531159,17.13845963560775,
gp,3,0.8,adaptive,elevated_risk,34,0.7941176470588235,0.6210222514603168,0.912978694541873,-0.005882352941176561,0.20588235294117646,1.0730370071425295,0.12360427763537386,13.419303527659144,
gp,3,0.8,mondrian,ALL,66,0.7575757575757576,0.6363888076622838,0.8546316735018541,-0.042424242424242475,0.24242424242424243,1.0849028277640778,0.1484013611938041,17.41455535846443,
gp,3,0.8,mondrian,baseline,32,0.78125,0.6002717362878925,0.9072284677152807,-0.018750000000000044,0.21875,1.1198334967761554,0.192006558903402,19.97409716970826,
gp,3,0.8,mondrian,elevated_risk,34,0.7352941176470589,0.5563846316948933,0.8711826084164918,-0.06470588235294117,0.2647058823529412,1.0545775371918642,0.10479616348420619,15.005574830234941,
gp,3,0.9,marginal,ALL,66,0.8484848484848485,0.7389589287110891,0.9248753700606944,-0.051515151515151514,0.15151515151515152,1.134447656170535,0.18224497405494647,12.454238881605109,
gp,3,0.9,marginal,baseline,32,0.875,0.7100515798092444,0.9648693468966886,-0.025000000000000022,0.125,1.1771831629022134,0.2274222660628433,14.923032964354856,
gp,3,0.9,marginal,elevated_risk,34,0.8235294117647058,0.6546848689318661,0.9323593473172428,-0.07647058823529418,0.17647058823529413,1.097346544281128,0.13706768204704958,10.13066798019358,
gp,3,0.9,adaptive,ALL,66,0.9393939393939394,0.8520324360541544,0.983241777301832,0.039393939393939426,0.06060606060606061,1.1676149789167007,0.2063484938761615,16.236084186783224,
gp,3,0.9,adaptive,baseline,32,0.96875,0.8378290058184885,0.9992091314020475,0.06874999999999998,0.03125,1.2347532299087813,0.2659848537111486,19.999835046059992,
gp,3,0.9,adaptive,elevated_risk,34,0.9117647058823529,0.7632247257130623,0.9814204965591596,0.0117647058823529,0.08823529411764706,1.1093284637302578,0.1467121340411744,12.693730436875676,
gp,3,0.9,mondrian,ALL,66,0.8181818181818182,0.7039345441700697,0.9023647979841516,-0.08181818181818179,0.18181818181818182,1.1247153432410502,0.17820250483187558,13.205847932092205,
gp,3,0.9,mondrian,baseline,32,0.8125,0.63560769013591,0.9279238345415024,-0.08750000000000002,0.1875,1.1562405302941001,0.22250154475399594,16.473226630984495,
gp,3,0.9,mondrian,elevated_risk,34,0.8235294117647058,0.6546848689318661,0.9323593473172428,-0.07647058823529418,0.17647058823529413,1.097346544281128,0.13706768204704958,10.13066798019358,
gp,3,0.95,marginal,ALL,66,1.0,0.945641152829878,1.0,0.050000000000000044,0.0,1.1702461273117544,0.1907239795733639,14.509197076784158,
gp,3,0.95,marginal,baseline,32,1.0,0.8911188393206472,1.0,0.050000000000000044,0.0,1.2145327436909126,0.23708660599371212,17.52421097455201,
gp,3,0.95,marginal,elevated_risk,34,1.0,0.8971820757409874,1.0,0.050000000000000044,0.0,1.1317984093566884,0.1470885664718597,11.671536937708531,
gp,3,0.95,adaptive,ALL,66,0.9545454545454546,0.8728574940886829,0.9905262614362937,0.00454545454545463,0.045454545454545456,1.1953445468644635,0.23296494631814646,17.777224081391115,
gp,3,0.95,adaptive,baseline,32,0.96875,0.8378290058184885,0.9992091314020475,0.018750000000000044,0.03125,1.2677899574341864,0.3004083427806153,22.15928242117282,
gp,3,0.95,adaptive,elevated_risk,34,0.9411764705882353,0.8032267906644245,0.9927950825609503,-0.008823529411764675,0.058823529411764705,1.1324505861049212,0.16762915599512979,13.652933879243623,
gp,3,0.95,mondrian,ALL,66,1.0,0.945641152829878,1.0,0.050000000000000044,0.0,1.1579871865446936,0.1775206022633963,13.464430947001956,
gp,3,0.95,mondrian,baseline,32,1.0,0.8911188393206472,1.0,0.050000000000000044,0.0,1.1881531467226139,0.20985464029190393,15.369380831876217,
gp,3,0.95,mondrian,elevated_risk,34,1.0,0.8971820757409874,1.0,0.050000000000000044,0.0,1.1317984093566884,0.1470885664718597,11.671536937708531,
gp,4,0.8,marginal,ALL,66,0.8636363636363636,0.7568586684861609,0.9357018153567446,0.0636363636363636,0.13636363636363635,1.1226114599814754,0.19473261264580585,26.159158617959868,
gp,4,0.8,marginal,baseline,40,0.85,0.7016473331604236,0.9428977418454741,0.04999999999999993,0.15,1.105942886766866,0.16807555464600604,27.91049051947216,
gp,4,0.8,marginal,elevated_risk,26,0.8846153846153846,0.6984595998924323,0.9755419246820378,0.08461538461538454,0.11538461538461539,1.1491109448890373,0.23413869838464044,23.46480184640249,
gp,4,0.8,adaptive,ALL,66,0.8484848484848485,0.7389589287110891,0.9248753700606944,0.048484848484848464,0.15151515151515152,1.1396092299776037,0.21131706640435666,23.066696502485048,
gp,4,0.8,adaptive,baseline,40,0.85,0.7016473331604236,0.9428977418454741,0.04999999999999993,0.15,1.1330973056484104,0.18797938761246916,20.880814515046183,
gp,4,0.8,adaptive,elevated_risk,26,0.8461538461538461,0.6513212144646388,0.9564365234610761,0.0461538461538461,0.15384615384615385,1.1499618041457025,0.2473843881736373,26.429591867775603,
gp,4,0.8,mondrian,ALL,66,0.8636363636363636,0.7568586684861609,0.9357018153567446,0.0636363636363636,0.13636363636363635,1.1322510189777988,0.20796607769766368,26.838782794197737,
gp,4,0.8,mondrian,baseline,40,0.825,0.6722098666384142,0.9266172706479148,0.02499999999999991,0.175,1.086876034387736,0.15317030487168273,29.21421779042626,
gp,4,0.8,mondrian,elevated_risk,26,0.9230769230769231,0.7486970833046261,0.9905446089962873,0.12307692307692308,0.07692307692307693,1.2043875902274193,0.2833102653333874,23.18426741538461,
gp,4,0.9,marginal,ALL,66,0.8787878787878788,0.7750598442768424,0.9461891381581342,-0.021212121212121238,0.12121212121212122,1.1706745947500492,0.24170237442874237,24.440783883177968,
gp,4,0.9,marginal,baseline,40,0.85,0.7016473331604236,0.9428977418454741,-0.050000000000000044,0.15,1.1533947455359463,0.21709650248819795,25.308475497382315,
gp,4,0.9,marginal,elevated_risk,26,0.9230769230769231,0.7486970833046261,0.9905446089962873,0.023076923076923106,0.07692307692307693,1.1981458784381278,0.2765606930111804,23.105873707478967,
gp,4,0.9,adaptive,ALL,66,0.8939393939393939,0.793606517867613,0.9562815509014071,-0.0060606060606061,0.10606060606060606,1.1727591348048432,0.23545280788517797,22.963459124815017,
gp,4,0.9,adaptive,baseline,40,0.9,0.7633626001239001,0.9720745847057807,0.0,0.1,1.1691252996973887,0.2133843264502021,19.780508440196535,
gp,4,0.9,adaptive,elevated_risk,26,0.8846153846153846,0.6984595998924323,0.9755419246820378,-0.015384615384615441,0.11538461538461539,1.1785361594695671,0.2699947788268792,27.86030633192037,
gp,4,0.9,mondrian,ALL,66,0.8939393939393939,0.793606517867613,0.9562815509014071,-0.0060606060606061,0.10606060606060606,1.1705606200542549,0.2401897740881858,25.55639240378995,
gp,4,0.9,mondrian,baseline,40,0.85,0.7016473331604236,0.9428977418454741,-0.050000000000000044,0.15,1.1282877793792565,0.19115932509685143,26.685211937080567,
gp,4,0.9,mondrian,elevated_risk,26,0.9615384615384616,0.803630353237461,0.9990267121066649,0.06153846153846154,0.038461538461538464,1.2377654425093063,0.3068711847164005,23.819746967958228,
gp,4,0.95,marginal,ALL,66,0.8787878787878788,0.7750598442768424,0.9461891381581342,-0.07121212121212117,0.12121212121212122,1.1987812077247986,0.2713379282476981,23.660465912546456,
gp,4,0.95,marginal,baseline,40,0.85,0.7016473331604236,0.9428977418454741,-0.09999999999999998,0.15,1.1811438933136955,0.24576323043447357,23.78685545465087,
gp,4,0.95,marginal,elevated_risk,26,0.9230769230769231,0.7486970833046261,0.9905446089962873,-0.026923076923076827,0.07692307692307693,1.226820785019711,0.30756875014976615,23.46602046315505,
gp,4,0.95,adaptive,ALL,66,0.8939393939393939,0.793606517867613,0.9562815509014071,-0.05606060606060603,0.10606060606060606,1.2189748146067123,0.2859860603378784,24.418627834856753,
gp,4,0.95,adaptive,baseline,40,0.9,0.7633626001239001,0.9720745847057807,-0.04999999999999993,0.1,1.2193534450133001,0.26643889404478777,20.834953610339248,
gp,4,0.95,adaptive,elevated_risk,26,0.8846153846153846,0.6984595998924323,0.9755419246820378,-0.06538461538461537,0.11538461538461539,1.2183728728198695,0.3165816249705419,29.931972795652918,
gp,4,0.95,mondrian,ALL,66,0.8939393939393939,0.793606517867613,0.9562815509014071,-0.05606060606060603,0.10606060606060606,1.2085653421196987,0.28029791154923356,25.065716317631097,
gp,4,0.95,mondrian,baseline,40,0.85,0.7016473331604236,0.9428977418454741,-0.09999999999999998,0.15,1.1652211963776682,0.22931401819588748,24.65997397296533,
gp,4,0.95,mondrian,elevated_risk,26,0.9615384615384616,0.803630353237461,0.9990267121066649,0.011538461538461608,0.038461538461538464,1.277473311694164,0.3496360065097842,25.689935309424577,
gp,5,0.8,marginal,ALL,66,0.6363636363636364,0.5087394315103151,0.7513222169426667,-0.1636363636363637,0.36363636363636365,1.0227113530617713,0.129153593370743,46.3763815356658,
gp,5,0.8,marginal,baseline,33,0.8181818181818182,0.6453994405497312,0.9302121163336899,0.018181818181818188,0.18181818181818182,1.063750001526241,0.11452957438025196,20.023267613931385,
gp,5,0.8,marginal,elevated_risk,33,0.45454545454545453,0.2810661942938162,0.6364934689851531,-0.3454545454545455,0.5454545454545454,0.9861185138676198,0.1554768275536268,72.72949545740022,
gp,5,0.8,adaptive,ALL,66,0.6666666666666666,0.5398613431497498,0.7779692372780056,-0.13333333333333341,0.3333333333333333,1.0463539968667572,0.14313869971577414,35.36348243777909,
gp,5,0.8,adaptive,baseline,33,0.8484848484848485,0.6810101802895636,0.9489113006439188,0.048484848484848464,0.15151515151515152,1.0745927870964778,0.12032530031425781,17.79534200054108,
gp,5,0.8,adaptive,elevated_risk,33,0.48484848484848486,0.3079634436047322,0.6645555216114442,-0.3151515151515152,0.5151515151515151,1.0211743784198148,0.1830621486684278,52.93162287501709,
gp,5,0.8,mondrian,ALL,66,0.6212121212121212,0.4933571772023376,0.7378154230046877,-0.17878787878787883,0.3787878787878788,1.0343267973345531,0.14109678324728764,39.86908500137873,
gp,5,0.8,mondrian,baseline,33,0.7575757575757576,0.5774106822882981,0.8890767004411605,-0.042424242424242475,0.24242424242424243,1.059191414194622,0.11854798744727303,20.59856811308178,
gp,5,0.8,mondrian,elevated_risk,33,0.48484848484848486,0.3079634436047322,0.6645555216114442,-0.3151515151515152,0.5151515151515151,1.0121558204523,0.17632927668481035,59.13960188967568,
gp,5,0.9,marginal,ALL,66,0.7272727272727273,0.6036427957562944,0.8296733838204806,-0.17272727272727273,0.2727272727272727,1.0887371143431261,0.1841124370347477,30.589636725066885,
gp,5,0.9,marginal,baseline,33,0.9090909090909091,0.756683649240845,0.9808450570125951,0.009090909090909038,0.09090909090909091,1.1337866287044325,0.17515480023079014,17.982144679116946,
gp,5,0.9,marginal,elevated_risk,33,0.5454545454545454,0.36350653101484687,0.7189338057061838,-0.3545454545454546,0.45454545454545453,1.048567915393382,0.19904183170801026,43.19712877101682,
gp,5,0.9,adaptive,ALL,66,0.7575757575757576,0.6363888076622838,0.8546316735018541,-0.14242424242424245,0.24242424242424243,1.0864732265247221,0.1659155021528383,25.210446890793854,
gp,5,0.9,adaptive,baseline,33,0.9090909090909091,0.756683649240845,0.9808450570125951,0.009090909090909038,0.09090909090909091,1.1095221359599188,0.14744381873582504,16.408891016219766,
gp,5,0.9,adaptive,elevated_risk,33,0.6060606060606061,0.4213937213882504,0.7709337616357992,-0.29393939393939394,0.3939393939393939,1.0659212573902386,0.19362302727835817,34.012002765367946,
gp,5,0.9,mondrian,ALL,66,0.7727272727272727,0.6530018980228203,0.8668572164845951,-0.12727272727272732,0.22727272727272727,1.0850644136881393,0.16651230020223975,29.14843582210463,
gp,5,0.9,mondrian,baseline,33,0.9090909090909091,0.756683649240845,0.9808450570125951,0.009090909090909038,0.09090909090909091,1.1173668348349415,0.15784960350992341,17.982144679116946,
gp,5,0.9,mondrian,elevated_risk,33,0.6363636363636364,0.4512453552173484,0.79599692554488,-0.26363636363636367,0.36363636363636365,1.0562613866189108,0.17888758119126308,40.314726965092305,
gp,5,0.95,marginal,ALL,66,0.8181818181818182,0.7039345441700697,0.9023647979841516,-0.13181818181818172,0.18181818181818182,1.108753643912209,0.18471481720783742,27.734311886980947,
gp,5,0.95,marginal,baseline,33,0.9696969696969697,0.8424060277275032,0.9992330879249519,0.01969696969696977,0.030303030303030304,1.1550191020848943,0.18569837590776742,18.545203618094813,
gp,5,0.95,marginal,elevated_risk,33,0.6666666666666666,0.48173252751241785,0.8203948650674397,-0.2833333333333333,0.3333333333333333,1.0675002270843486,0.18328418637157567,36.92342015586708,
gp,5,0.95,adaptive,ALL,66,0.8787878787878788,0.7750598442768424,0.9461891381581342,-0.07121212121212117,0.12121212121212122,1.1260258580256584,0.180102777632559,18.501474735124557,
gp,5,0.95,adaptive,baseline,33,0.9393939393939394,0.797735687473645,0.9925741622577402,-0.010606060606060508,0.06060606060606061,1.1439581826124006,0.177273048645279,16.056354482970832,
gp,5,0.95,adaptive,elevated_risk,33,0.8181818181818182,0.6453994405497312,0.9302121163336899,-0.13181818181818172,0.18181818181818182,1.1100361825725764,0.18335172572906555,20.946594987278274,
gp,5,0.95,mondrian,ALL,66,0.8181818181818182,0.7039345441700697,0.9023647979841516,-0.13181818181818172,0.18181818181818182,1.1096767982173572,0.18598446080627282,27.839426645073388,
gp,5,0.95,mondrian,baseline,33,0.9696969696969697,0.8424060277275032,0.9992330879249519,0.01969696969696977,0.030303030303030304,1.1572556224395942,0.18803518253676355,18.68560958214429,
gp,5,0.95,mondrian,elevated_risk,33,0.6666666666666666,0.48173252751241785,0.8203948650674397,-0.2833333333333333,0.3333333333333333,1.0672522952438133,0.18300159283464987,36.99324370800249,
gp,6,0.8,marginal,ALL,66,0.6515151515151515,0.5242397683271001,0.7647080305896783,-0.14848484848484855,0.3484848484848485,1.0390661292490933,0.152902080245876,44.79281240604109,
gp,6,0.8,marginal,baseline,17,0.5294117647058824,0.27811830033110657,0.7701673127340096,-0.2705882352941177,0.47058823529411764,1.0261706549606209,0.168248752664747,46.97359515783434,
gp,6,0.8,marginal,elevated_risk,49,0.6938775510204082,0.5458475634947544,0.8174805523541264,-0.10612244897959189,0.30612244897959184,1.0435792443757967,0.1488397257820572,44.036214308480155,
gp,6,0.8,adaptive,ALL,66,0.696969696969697,0.571483485422635,0.8041003533935257,-0.10303030303030303,0.30303030303030304,1.06114393519103,0.15309706314901228,31.750776934290364,
gp,6,0.8,adaptive,baseline,17,0.6470588235294118,0.3832836634434029,0.857902516889779,-0.15294117647058825,0.35294117647058826,1.0548238083928683,0.1514498111655827,29.294542435291348,
gp,6,0.8,adaptive,elevated_risk,49,0.7142857142857143,0.5673702803535065,0.8341582083454184,-0.08571428571428574,0.2857142857142857,1.0633558321106311,0.153614770915233,32.602939923739,
gp,6,0.8,mondrian,ALL,66,0.6666666666666666,0.5398613431497498,0.7779692372780056,-0.13333333333333341,0.3333333333333333,1.0593334478767407,0.17464726031630415,40.901540008484545,
gp,6,0.8,mondrian,baseline,17,0.5294117647058824,0.27811830033110657,0.7701673127340096,-0.2705882352941177,0.47058823529411764,1.01120488695178,0.15070654161590827,53.2002834319853,
gp,6,0.8,mondrian,elevated_risk,49,0.7142857142857143,0.5673702803535065,0.8341582083454184,-0.08571428571428574,0.2857142857142857,1.0761773212758803,0.18080344512497737,36.634629024821024,
gp,6,0.9,marginal,ALL,66,0.7121212121212122,0.5874932401392494,0.816959774581892,-0.18787878787878787,0.2878787878787879,1.0823730292369458,0.18662006327314026,33.936093441926495,
gp,6,0.9,marginal,baseline,17,0.6470588235294118,0.3832836634434029,0.857902516889779,-0.2529411764705882,0.35294117647058826,1.0691984660368794,0.18305387320031052,32.550024095968524,
gp,6,0.9,marginal,elevated_risk,49,0.7346938775510204,0.5891828588435798,0.850529271279232,-0.16530612244897958,0.2653061224489796,1.0869838189710679,0.1877097324620605,34.41697464358539,
gp,6,0.9,adaptive,ALL,66,0.7575757575757576,0.6363888076622838,0.8546316735018541,-0.14242424242424245,0.24242424242424243,1.1012901518366853,0.17950974731510264,21.63858688398297,
gp,6,0.9,adaptive,baseline,17,0.7647058823529411,0.5010067267954201,0.9318922595626433,-0.1352941176470589,0.23529411764705882,1.0973284599210094,0.1662795146012641,17.271553023607236,
gp,6,0.9,adaptive,elevated_risk,49,0.7551020408163265,0.6113040853115663,0.8665712891577062,-0.14489795918367354,0.24489795918367346,1.1026766515738804,0.1841582074578027,23.153680264113326,
gp,6,0.9,mondrian,ALL,66,0.7727272727272727,0.6530018980228203,0.8668572164845951,-0.12727272727272732,0.22727272727272727,1.1411263873371222,0.23733947147507764,25.050330071410695,
gp,6,0.9,mondrian,baseline,17,0.6470588235294118,0.3832836634434029,0.857902516889779,-0.2529411764705882,0.35294117647058826,1.0515842326102256,0.16346479369380848,37.60780012969326,
gp,6,0.9,mondrian,elevated_risk,49,0.8163265306122449,0.6797787855711315,0.9124096646871527,-0.0836734693877551,0.1836734693877551,1.1724640523144223,0.2576550078649267,20.693656785884095,
gp,6,0.95,marginal,ALL,66,0.8333333333333334,0.7213265468376222,0.9137520659512851,-0.11666666666666659,0.16666666666666666,1.1676609038643873,0.24694852581641705,21.535020869377668,
gp,6,0.95,marginal,baseline,17,0.8823529411764706,0.6355908378987498,0.9854206831596976,-0.0676470588235294,0.11764705882352941,1.153936707693395,0.21839790702039133,23.96012911003562,
gp,6,0.95,marginal,elevated_risk,49,0.8163265306122449,0.6797787855711315,0.9124096646871527,-0.13367346938775504,0.1836734693877551,1.1724640523144223,0.2576550078649267,20.693656785884095,
gp,6,0.95,adaptive,ALL,66,0.9090909090909091,0.8125573488135269,0.9659028672287315,-0.040909090909090895,0.09090909090909091,1.144065269235009,0.19062855718034252,18.503061173819134,
gp,6,0.95,adaptive,baseline,17,0.9411764705882353,0.7131106033327794,0.9985118256087334,-0.008823529411764675,0.058823529411764705,1.142616449948529,0.17939127972794836,17.534515898381382,
gp,6,0.95,adaptive,elevated_risk,49,0.8979591836734694,0.7777233037173732,0.9660282950160443,-0.05204081632653057,0.10204081632653061,1.1445723221817563,0.19471483989030405,18.839087085705703,
gp,6,0.95,mondrian,ALL,66,0.9090909090909091,0.8125573488135269,0.9659028672287315,-0.040909090909090895,0.09090909090909091,1.1830733161268328,0.2457483637362641,24.405805049861808,
gp,6,0.95,mondrian,baseline,17,0.6470588235294118,0.3832836634434029,0.857902516889779,-0.30294117647058816,0.35294117647058826,1.0724406988990516,0.18665961384069368,31.61904474144072,
gp,6,0.95,mondrian,elevated_risk,49,1.0,0.9274807363357226,1.0,0.050000000000000044,0.0,1.2217921509015857,0.25901318514139215,21.903252503803817,
gp,7,0.8,marginal,ALL,71,0.8309859154929577,0.7233736433833169,0.9095000535243292,0.030985915492957705,0.16901408450704225,1.1119851660923026,0.1781470364864789,18.184454061721503,
gp,7,0.8,marginal,baseline,51,0.803921568627451,0.6688426487470712,0.9017565834884013,0.0039215686274509665,0.19607843137254902,1.100153767348063,0.171273224637034,19.564201068722806,
gp,7,0.8,marginal,elevated_risk,20,0.9,0.6830172859809176,0.9876514728297052,0.09999999999999998,0.1,1.1417620638244417,0.19380405236576997,14.666099193868163,
gp,7,0.8,adaptive,ALL,71,0.8873239436619719,0.789999506334595,0.9500803297672589,0.08732394366197183,0.11267605633802817,1.1051902966013134,0.15563743037820157,17.30766829063386,
gp,7,0.8,adaptive,baseline,51,0.8823529411764706,0.7613239527359256,0.9555798581436852,0.08235294117647052,0.11764705882352941,1.0905981650076686,0.14217383086936436,18.189992356514406,
gp,7,0.8,adaptive,elevated_risk,20,0.9,0.6830172859809176,0.9876514728297052,0.09999999999999998,0.1,1.1419153212201836,0.18929642915029468,15.057741922638476,
gp,7,0.8,mondrian,ALL,71,0.8309859154929577,0.7233736433833169,0.9095000535243292,0.030985915492957705,0.16901408450704225,1.1036250581829492,0.17222428219167088,21.740054484200865,
gp,7,0.8,mondrian,baseline,51,0.7647058823529411,0.6250694916401415,0.8720918997481721,-0.03529411764705892,0.23529411764705882,1.0702417461212324,0.14650131331264715,23.230313057644363,
gp,7,0.8,mondrian,elevated_risk,20,1.0,0.8315665290169146,1.0,0.19999999999999996,0.0,1.1876431435091503,0.22238407150576708,17.939895121919932,
gp,7,0.9,marginal,ALL,71,0.9859154929577465,0.9240065838788966,0.9996434747253966,0.08591549295774648,0.014084507042253521,1.213243558900938,0.25170462012301154,20.740443832602885,
gp,7,0.9,marginal,baseline,51,0.9803921568627451,0.8955251036044829,0.9995036955922623,0.08039215686274503,0.0196078431372549,1.2017887794533197,0.24023740800007765,19.797989791334253,
gp,7,0.9,marginal,elevated_risk,20,1.0,0.8315665290169146,1.0,0.09999999999999998,0.0,1.2420725928578895,0.2803726504303464,23.143701637837893,
gp,7,0.9,adaptive,ALL,71,0.9577464788732394,0.8814449055470013,0.9912000804384358,0.05774647887323936,0.04225352112676056,1.1603149218764743,0.19941764515554872,18.5652035954403,
gp,7,0.9,adaptive,baseline,51,0.9411764705882353,0.8375777819279495,0.9877009117447599,0.04117647058823526,0.058823529411764705,1.1443782761293124,0.18712949271857093,18.331241773975066,
gp,7,0.9,adaptive,elevated_risk,20,1.0,0.8315665290169146,1.0,0.09999999999999998,0.0,1.2004237780535694,0.2289092110042954,19.161806240176624,
gp,7,0.9,mondrian,ALL,71,0.9436619718309859,0.8619885567791707,0.9844383649587586,0.04366197183098586,0.056338028169014086,1.1897215978011484,0.23886524096019132,20.570503504135946,
gp,7,0.9,mondrian,baseline,51,0.9215686274509803,0.8111939930574618,0.978216437943731,0.021568627450980316,0.0784313725490196,1.1582132484552083,0.2089853297959529,18.551043132157247,
gp,7,0.9,mondrian,elevated_risk,20,1.0,0.8315665290169146,1.0,0.09999999999999998,0.0,1.269020835064986,0.3090830321961518,25.72012745268164,
gp,7,0.95,marginal,ALL,71,1.0,0.9493705920455963,1.0,0.050000000000000044,0.0,1.2604679550298215,0.29728813209067884,24.669309361073125,
gp,7,0.95,marginal,baseline,51,1.0,0.9302229692504613,1.0,0.050000000000000044,0.0,1.2491888214556974,0.2843759983982073,23.513589587020153,
gp,7,0.95,marginal,elevated_risk,20,1.0,0.8315665290169146,1.0,0.050000000000000044,0.0,1.2888549288952194,0.33021407300648137,27.61639478490821,
gp,7,0.95,adaptive,ALL,71,0.971830985915493,0.9019199313429451,0.9965702092287638,0.02183098591549304,0.028169014084507043,1.2091062169947084,0.24655467219104613,21.96762730940403,
gp,7,0.95,adaptive,baseline,51,0.9607843137254902,0.8654135088703359,0.9952150073052927,0.010784313725490269,0.0392156862745098,1.1919795298363358,0.23216386307776204,21.126337692308372,
gp,7,0.95,adaptive,elevated_risk,20,1.0,0.8315665290169146,1.0,0.050000000000000044,0.0,1.2522101325189388,0.28181215451859193,24.11291583299795,
gp,7,0.95,mondrian,ALL,71,0.9859154929577465,0.9240065838788966,0.9996434747253966,0.03591549295774654,0.014084507042253521,1.2491005224303875,0.28959072368852556,23.724595649751873,
gp,7,0.95,mondrian,baseline,51,0.9803921568627451,0.8955251036044829,0.9995036955922623,0.0303921568627451,0.0196078431372549,1.2299649961625831,0.26975941863167924,21.88326255898897,
gp,7,0.95,mondrian,elevated_risk,20,1.0,0.8315665290169146,1.0,0.050000000000000044,0.0,1.2972602219760112,0.33916898633064124,28.41999503119726,
