model,mae_mean,mae_std,mae_count,mape_mean,mape_std,mape_count,mase_mean,mase_std,mase_count,n_parameters_mean,n_parameters_std,n_parameters_count,n_test_mean,n_test_std,n_test_count,rmse_mean,rmse_std,rmse_count,vs_persistence,beats_persistence,operator
tcn__default,4.846110580659034,0.7716205134243365,8,6.161383700051406,0.8118577218481328,8,0.34515475311614374,0.05710560108039743,8,21978.0,0.0,8,66.125,0.3535533905932738,8,7.473690172918405,1.0509193997949422,8,0.38558939235464545,True,gp
nbeats__default,5.27998008888377,0.9346100225083172,8,6.539439879292579,0.9963589002413094,8,0.37618878663020267,0.0698375587886623,8,34635.0,0.0,8,66.125,0.3535533905932738,8,7.833404959499502,1.4320482892902378,8,0.3560173100915662,True,gp
nbeats__default_cov,5.27998008888377,0.9346100225083172,8,6.539439879292579,0.9963589002413094,8,0.37618878663020267,0.0698375587886623,8,34635.0,0.0,8,66.125,0.3535533905932738,8,7.833404959499502,1.4320482892902378,8,0.3560173100915662,True,gp
nbeats__tuned,4.731341504639599,0.5902749357660072,8,6.089619780134784,0.9406225246699644,8,0.3388190256334487,0.04219290749364279,8,29991.0,0.0,8,66.625,1.7677669529663689,8,7.883485249579959,1.418520724457024,8,0.35190021923718656,True,gp
cnn_cov__default,5.797983731232581,0.7214919736813207,8,7.0782203506216455,0.6138143572273628,8,0.41282612900989046,0.05353679767596851,8,0.0,0.0,8,66.125,0.3535533905932738,8,8.01929579101184,0.9802649333481221,8,0.340735261183644,True,gp
nbeatsx__tuned,5.6026153558730725,1.2093289875827757,8,6.842043670211213,1.1268003333263679,8,0.3991254062674809,0.08911287361752417,8,72019.0,0.0,8,66.125,0.3535533905932738,8,8.080257149821712,1.3951400953449824,8,0.33572363979679787,True,gp
tcn__tuned,4.996201768060196,0.8358484367451703,8,6.205246885584291,0.6716815493755339,8,0.35793410636601447,0.06120145609154928,8,144402.0,0.0,8,66.625,1.7677669529663689,8,8.171224027594853,1.1618990958384239,8,0.32824527056352104,True,gp
rnn_cov__tuned,5.678976392242405,0.7552734951212842,8,7.113815429614956,0.62217921103342,8,0.4067135470005723,0.05446360566952146,8,0.0,0.0,8,66.625,1.7677669529663689,8,8.241329196992286,0.8851849919336126,8,0.32248193829633165,True,gp
cnn_cov__tuned,5.85890930231324,1.1112962725598456,8,7.186793688531633,0.9676390421107586,8,0.4195490697783403,0.07960467801754631,8,0.0,0.0,8,66.625,1.7677669529663689,8,8.278792243001062,1.6569949618163102,8,0.31940210860979945,True,gp
gru_cov__tuned,5.88292084581461,0.9467746912630526,8,7.21231045792403,1.4319267938560314,8,0.4206611507961586,0.07066894701843233,8,0.0,0.0,8,64.375,1.0606601717798212,8,8.32864430696979,1.2280483173488206,8,0.3153037801794357,True,gp
lstm_cov__tuned,5.813454842762804,0.6147724946182554,8,7.160741888806259,0.4296619084812692,8,0.4163195113159375,0.04424699575354839,8,0.0,0.0,8,66.625,1.7677669529663689,8,8.370031989148023,0.7928252348264575,8,0.3119013069208699,True,gp
random_forest__default_cov,5.853918082639507,1.2214678172685955,8,7.3442377942595085,1.0108061200220775,8,0.4170593582921844,0.09018214175836156,8,0.0,0.0,8,66.125,0.3535533905932738,8,8.650911632770704,1.3590742632930157,8,0.28881024634429364,True,gp
random_forest__default,5.853918082639508,1.221467817268594,8,7.344237794259509,1.0108061200220784,8,0.41705935829218443,0.09018214175836152,8,0.0,0.0,8,66.125,0.3535533905932738,8,8.650911632770706,1.3590742632930153,8,0.2888102463442935,True,gp
ridge__tuned,6.6536558034699915,0.9372927578470982,8,8.074297155446367,0.8430466529699382,8,0.4736725198613079,0.06827024613987115,8,0.0,0.0,8,66.125,0.3535533905932738,8,8.68751844926732,1.1701833793688112,8,0.2858008071185216,True,gp
transformer__tuned,6.298205888856484,0.4246730760643536,8,7.840276925733407,0.4784339203570527,8,0.45112926895589645,0.032479936969563424,8,17521.0,0.0,8,66.625,1.7677669529663689,8,8.699140387465784,0.7386659897477651,8,0.2848453698518806,True,gp
xgboost__default,5.814787553005856,1.2744335270585538,8,7.298982939640717,1.1855270822697914,8,0.41434201123165615,0.09424928172159575,8,0.0,0.0,8,66.125,0.3535533905932738,8,8.73311103413673,1.555613227615292,8,0.2820526496319773,True,gp
xgboost__default_cov,5.814787553005856,1.2744335270585538,8,7.298982939640717,1.1855270822697914,8,0.41434201123165615,0.09424928172159575,8,0.0,0.0,8,66.125,0.3535533905932738,8,8.73311103413673,1.555613227615292,8,0.2820526496319773,True,gp
random_forest__tuned,5.648110408102676,1.2863975960510965,8,7.2360593906562105,1.5717604314760465,8,0.4045276955391443,0.09280952504112856,8,0.0,0.0,8,66.625,1.7677669529663689,8,8.743764433763685,1.4419318880030323,8,0.28117683573190355,True,gp
xgboost__tuned,5.7844237232864275,1.2901451532472257,8,7.290542986021367,1.4717652486211625,8,0.41437537143577485,0.09372906475019648,8,0.0,0.0,8,66.625,1.7677669529663689,8,8.753271467876667,1.5678025936488438,8,0.2803952643165633,True,gp
nlinear__tuned,6.798301606258855,0.9833036979316083,8,8.2084500342539,0.9161525004448579,8,0.48394956104864906,0.07134297720964633,8,186.0,0.0,8,66.125,0.3535533905932738,8,8.907395806864878,1.1768896177116073,8,0.2677247325471539,True,gp
dlinear__default,6.994151806946546,0.8474913744580421,8,8.4487737418318,0.7247286641041929,8,0.4979280396547739,0.06219559740865732,8,75.0,0.0,8,66.125,0.3535533905932738,8,8.944803839103024,1.0394305173665048,8,0.26464942553194737,True,gp
ridge__default_cov,6.999527970385561,0.9066900619326694,8,8.460047066769757,0.8970807064305869,8,0.4983178391227469,0.06616628720287274,8,0.0,0.0,8,66.125,0.3535533905932738,8,9.007191423534952,1.1571342792388126,8,0.25952055441560856,True,gp
ridge__default,6.999527970385561,0.9066900619326694,8,8.460047066769757,0.8970807064305869,8,0.4983178391227469,0.06616628720287274,8,0.0,0.0,8,66.125,0.3535533905932738,8,9.007191423534952,1.1571342792388126,8,0.25952055441560856,True,gp
nbeatsx__default,6.577486814065241,0.8912004089729797,8,7.971255342146602,0.7822902653373568,8,0.468432854664412,0.06616096181042166,8,41611.0,0.0,8,66.125,0.3535533905932738,8,9.077781443019607,0.8398331641201772,8,0.2537173627175604,True,gp
nlinear__default,7.068597785821056,0.8355322514755945,8,8.633808356358506,0.6777158535028273,8,0.5030388110625649,0.05956743884646648,8,51.0,0.0,8,66.125,0.3535533905932738,8,9.137744704169759,0.9426452140172035,8,0.24878779474414311,True,gp
lstm_cov__default,6.753865859955797,0.8244910572068344,8,8.274458756721222,1.3075055553907788,8,0.48107342156135424,0.06279135360155387,8,0.0,0.0,8,66.125,0.3535533905932738,8,9.162239646426928,1.0256868720450572,8,0.24677407033113494,True,gp
transformer__default,6.402058685760229,1.2995892719741517,8,8.008619753797742,1.5982407638684093,8,0.45585415228656917,0.09432212803011905,8,18042.0,0.0,8,66.125,0.3535533905932738,8,9.198375666391525,1.4687465263913755,8,0.24380333519619643,True,gp
rnn_cov__default,6.836850634229477,1.388639369217287,8,8.469117934009288,2.174292648137142,8,0.48702880127844866,0.10187050215133327,8,0.0,0.0,8,66.125,0.3535533905932738,8,9.228066045964647,1.7892579450244932,8,0.24136249489740472,True,gp
gru_cov__default,7.178611609096934,1.5497404212582828,8,8.760005875412332,2.2548508792903474,8,0.511315474693419,0.11274443543083745,8,0.0,0.0,8,66.125,0.3535533905932738,8,9.634406430127058,1.7353284012852255,8,0.20795733137473976,True,gp
dlinear__tuned,7.5205816768215605,0.9688975925793858,8,9.11677762392889,0.9419898874393653,8,0.5386467612184285,0.07040654933788844,8,211.0,0.0,8,66.625,1.7677669529663689,8,9.670570953994684,1.3264479400738913,8,0.20498425293950723,True,gp
nbeatsx__default_cov,7.159334916537921,1.609910518418522,8,8.948093788316095,1.5065073408320093,8,0.5100504852546491,0.11848157287165889,8,53131.0,0.0,8,66.125,0.3535533905932738,8,9.948544921379227,1.702240498517913,8,0.18213206743826704,True,gp
rnn_cov__default_cov,7.4155580057118495,1.3100632751782333,8,9.100080166430562,1.741712115043509,8,0.5283014799606409,0.09711760811336506,8,0.0,0.0,8,66.125,0.3535533905932738,8,10.006680859826645,1.901244912172029,8,0.17735272330691101,True,gp
gru_cov__default_cov,7.9291868920973245,1.1960986858855815,8,9.507680975859063,1.4169466617705473,8,0.5645789616470653,0.08769989599075317,8,0.0,0.0,8,66.125,0.3535533905932738,8,10.643271650937958,1.4470844292310627,8,0.1250187188541405,True,gp
tcn__default_cov,8.195253176444286,1.0275511776385127,8,10.234711875120933,1.3591768845159875,8,0.5834287232710131,0.07497902724690478,8,23898.0,0.0,8,66.125,0.3535533905932738,8,11.126650042788837,1.1192468011025845,8,0.08528027578408748,True,gp
lstm_cov__default_cov,8.78345538212171,2.1132549074519327,8,10.854075101112993,3.17212537800852,8,0.6256097745075413,0.15329671756013155,8,0.0,0.0,8,66.125,0.3535533905932738,8,11.938162064130802,2.992223329018459,8,0.01856603119967123,True,gp
persistence,6.522293225857643,0.6549229193848517,8,8.218555679067494,0.5441997949874258,8,0.46435663529791105,0.048771709265529525,8,0.0,0.0,8,66.125,0.3535533905932738,8,12.163999253789434,1.0896886305206146,8,0.0,False,gp
nlinear__default_cov,9.488250254842772,2.7626551989693064,8,11.292402380699263,3.255376139151651,8,0.6758296729111242,0.19896877478414127,8,411.0,0.0,8,66.125,0.3535533905932738,8,12.250705106349198,3.524336927995854,8,-0.007128071183722913,False,gp
transformer__default_cov,10.21865839888141,1.618877801827079,8,12.603387066417794,2.0235770095218757,8,0.7274831372758769,0.11669926975613823,8,18522.0,0.0,8,66.125,0.3535533905932738,8,13.611635386824414,1.8631008944418446,8,-0.11900988341346695,False,gp
cnn_cov__default_cov,10.897909470394083,4.0533118576553475,8,13.25459330673042,5.144399108317792,8,0.7764264131006399,0.29282014447031246,8,0.0,0.0,8,66.125,0.3535533905932738,8,14.311033146878383,6.14427724521235,8,-0.17650723650119318,False,gp
dlinear__default_cov,11.639092419051915,5.921470677053802,8,13.832968433415148,7.0283370142655555,8,0.8288215878937291,0.42183447248195416,8,795.0,0.0,8,66.125,0.3535533905932738,8,14.962464123792879,7.885235315458279,8,-0.2300612497268645,False,gp
rolling_mean_17,12.452828254578927,1.563569249941289,8,15.302854729639018,1.2944413204149188,8,0.8865299086583245,0.11393924418925493,8,0.0,0.0,8,66.125,0.3535533905932738,8,16.137667212050456,1.6374984945898232,8,-0.3266744658031042,False,gp
train_mean,14.739177201945663,2.244255420251108,8,17.97825534446326,1.1035966065050595,8,1.0495600048144629,0.1645155314291869,8,0.0,0.0,8,66.125,0.3535533905932738,8,18.21237450909714,2.0493313675615794,8,-0.4972357469870332,False,gp
seasonal_naive_17,14.618312396511476,1.6786538741295125,8,17.990653361282604,1.4095232101554345,8,1.0408069011973033,0.12401167570742253,8,0.0,0.0,8,66.125,0.3535533905932738,8,18.381161369426398,1.6964552872943883,8,-0.5111116817686534,False,gp
drift,19.22140923116754,4.9026874679247765,8,24.143496000959317,6.298262005454149,8,1.367585456748722,0.3466688368544414,8,0.0,0.0,8,66.125,0.3535533905932738,8,23.64523943381463,5.188770902231117,8,-0.9438705100584794,False,gp
seasonal_naive_24,25.190121605191937,3.3213209448095347,8,29.000287032076994,2.4300613135893947,8,1.7929160818506533,0.2372311207807702,8,0.0,0.0,8,66.125,0.3535533905932738,8,29.717031505944348,3.3979521898102583,8,-1.4430313489773228,False,gp
