rmse,mae,mape,mase,model,fold,n_test,base_model,variant,n_parameters
22.217004748615416,13.846250000000001,11.769277074468782,0.8026087824796384,persistence,0,64,persistence,baseline,0
22.55274983233752,15.558125,12.227333355157661,0.9018389646233474,seasonal_naive_15,0,64,seasonal_naive_15,baseline,0
35.162209183314445,30.005377906976747,21.618948255504613,1.7392853537788244,drift,0,64,drift,baseline,0
34.05211618322062,27.745208333333327,20.848923657743878,1.608272844998507,rolling_mean_15,0,64,rolling_mean_15,baseline,0
33.41321644128743,26.89336594202898,20.80747525478881,1.5588951301262979,train_mean,0,64,train_mean,baseline,0
62.535967450739896,54.690625,36.88348014076493,3.1701851363582536,seasonal_naive_24,0,64,seasonal_naive_24,baseline,0
33.743654218237836,18.15,21.43764349610528,1.0691261923247874,persistence,1,64,persistence,baseline,0
36.7334125830966,20.762500000000003,23.10690702658165,1.2230155684927495,seasonal_naive_15,1,64,seasonal_naive_15,baseline,0
77.89357712707064,64.08457107843137,73.06035938746707,3.7749032211487896,drift,1,64,drift,baseline,0
44.94696735783925,37.3065,39.00680446343849,2.197540291678495,rolling_mean_15,1,64,rolling_mean_15,baseline,0
49.51616836311511,40.519333740831286,45.295011911211816,2.3867923414805645,train_mean,1,64,train_mean,baseline,0
72.4753930655088,67.43,61.709200767137176,3.971965793303605,seasonal_naive_24,1,64,seasonal_naive_24,baseline,0
25.596458739442845,15.056249999999999,16.473577587928816,0.8600852922488228,persistence,2,64,persistence,baseline,0
21.245667793693848,12.65,12.528558745496499,0.7226287386930749,seasonal_naive_15,2,64,seasonal_naive_15,baseline,0
54.639957218982815,48.06638771186441,36.0593398883858,2.7457828557910586,drift,2,64,drift,baseline,0
35.59184510842648,30.015333333333334,30.944003353627096,1.7146199579540613,rolling_mean_15,2,64,rolling_mean_15,baseline,0
42.708232798010286,32.22924418604649,38.20954696978267,1.8410891759046557,train_mean,2,64,train_mean,baseline,0
61.56050519610768,55.2475,50.18856092488373,3.1560024696399727,seasonal_naive_24,2,64,seasonal_naive_24,baseline,0
27.444173334243462,16.775000000000002,19.61440928128812,0.9920038215652045,persistence,3,64,persistence,baseline,0
19.774393163887485,13.385625000000001,12.446355961066855,0.7915702625358415,seasonal_naive_15,3,64,seasonal_naive_15,baseline,0
49.088274562816586,37.71306902985074,45.7673220325386,2.230194253386843,drift,3,64,drift,baseline,0
40.23211733318433,35.94708333333333,35.976460681630726,2.1257611946819392,rolling_mean_15,3,64,rolling_mean_15,baseline,0
45.277572136973454,34.7218354283054,41.54253078102028,2.0533051228993777,train_mean,3,64,train_mean,baseline,0
72.49819946040039,63.669375,58.443496307352746,3.765142373571868,seasonal_naive_24,3,64,seasonal_naive_24,baseline,0
28.961874076102188,17.11875,16.906050488337193,1.0359129358274277,persistence,4,64,persistence,baseline,0
20.824963985563095,14.774375,12.84110085826867,0.8940469474269648,seasonal_naive_15,4,64,seasonal_naive_15,baseline,0
85.29452673296218,73.56648750000001,46.77173905875883,4.45175471600653,drift,4,64,drift,baseline,0
44.31296810942217,37.86383333333333,36.09990934176943,2.2912674552764516,rolling_mean_15,4,64,rolling_mean_15,baseline,0
45.06292485010769,37.38413373544093,37.10307634345872,2.262239224899353,train_mean,4,64,train_mean,baseline,0
74.75523844520865,65.195625,54.50885299233925,3.945205771265662,seasonal_naive_24,4,64,seasonal_naive_24,baseline,0
34.07959066655584,18.05375,17.792677489528657,1.104010286603337,persistence,5,64,persistence,baseline,0
33.628890852955585,21.90375,19.102574989344216,1.3394427925050385,seasonal_naive_15,5,64,seasonal_naive_15,baseline,0
50.201725029046585,43.35623493975905,30.86743804544372,2.6512901398260746,drift,5,64,drift,baseline,0
45.50954762830908,37.47149999999999,30.304286638719912,2.2914309467261336,rolling_mean_15,5,64,rolling_mean_15,baseline,0
48.33474695463891,41.493157894736854,30.728386693664273,2.537360556086461,train_mean,5,64,train_mean,baseline,0
76.60313440062359,66.44,46.24784516770718,4.062892387560795,seasonal_naive_24,5,64,seasonal_naive_24,baseline,0
33.72258071381845,19.95125,20.562722567637344,1.1840196084538335,persistence,6,64,persistence,baseline,0
21.873549094739978,14.506250000000001,13.018618779103686,0.8608826236518223,seasonal_naive_15,6,64,seasonal_naive_15,baseline,0
94.34107526378423,81.18098214285715,83.70394282021815,4.817736968394629,drift,6,64,drift,baseline,0
47.87110466891507,41.40858333333334,39.42956755167898,2.45741868930324,rolling_mean_15,6,64,rolling_mean_15,baseline,0
48.13438552532053,41.50431841563786,39.458324496015884,2.463100148593535,train_mean,6,64,train_mean,baseline,0
84.29664673046017,79.3925,65.89231466710149,4.711598359209121,seasonal_naive_24,6,64,seasonal_naive_24,baseline,0
33.148604372295765,18.579154929577467,18.32407390493533,1.1153560035762369,persistence,7,71,persistence,baseline,0
33.097070377990164,23.68563380281691,20.73956702781955,1.421911489549159,seasonal_naive_15,7,71,seasonal_naive_15,baseline,0
86.12713957706163,73.11643192488262,43.67546593928232,4.389373554211796,drift,7,71,drift,baseline,0
47.171871282051036,40.83365258215963,34.94402725276525,2.451352589936868,rolling_mean_15,7,71,rolling_mean_15,baseline,0
48.21354884308736,42.304511660124696,36.50192846393064,2.5396521659531737,train_mean,7,71,train_mean,baseline,0
82.18226175081136,73.28788732394365,55.90618253651054,4.3996664770822465,seasonal_naive_24,7,71,seasonal_naive_24,baseline,0
21.03822919088491,15.783487391470915,11.380424928253376,0.9149022730740233,ridge__default_cov,0,64,ridge,default_cov,0
24.545689947507533,16.67907497026772,17.710876977268203,0.9824813176012119,ridge__default_cov,1,64,ridge,default_cov,0
15.78402677115146,12.058676155260809,12.263413534064135,0.6888494814533104,ridge__default_cov,2,64,ridge,default_cov,0
18.5932142912451,14.687700022000225,14.704389288068887,0.8685695708988114,ridge__default_cov,3,64,ridge,default_cov,0
18.65684004487966,14.059388236511552,12.645807099202516,0.8507807020969571,ridge__default_cov,4,64,ridge,default_cov,0
26.23792986722151,17.651015926258292,14.715637147965449,1.079382574345412,ridge__default_cov,5,64,ridge,default_cov,0
19.713506274632714,14.305114974246965,13.332141609997544,0.8489461377455026,ridge__default_cov,6,64,ridge,default_cov,0
23.519247548371602,17.09622520669964,14.546678437780969,1.0263317946946844,ridge__default_cov,7,71,ridge,default_cov,0
21.03822919088491,15.783487391470915,11.380424928253376,0.9149022730740233,ridge__default,0,64,ridge,default,0
24.545689947507533,16.67907497026772,17.710876977268203,0.9824813176012119,ridge__default,1,64,ridge,default,0
15.78402677115146,12.058676155260809,12.263413534064135,0.6888494814533104,ridge__default,2,64,ridge,default,0
18.5932142912451,14.687700022000225,14.704389288068887,0.8685695708988114,ridge__default,3,64,ridge,default,0
18.65684004487966,14.059388236511552,12.645807099202516,0.8507807020969571,ridge__default,4,64,ridge,default,0
26.23792986722151,17.651015926258292,14.715637147965449,1.079382574345412,ridge__default,5,64,ridge,default,0
19.713506274632714,14.305114974246965,13.332141609997544,0.8489461377455026,ridge__default,6,64,ridge,default,0
23.519247548371602,17.09622520669964,14.546678437780969,1.0263317946946844,ridge__default,7,71,ridge,default,0
19.801934497748405,12.745146490841707,11.665242972061696,0.7382619910649931,ridge__tuned,0,63,ridge,tuned,0
22.345595034714613,17.031064947839926,17.25891501669583,0.9875625573973679,ridge__tuned,1,63,ridge,tuned,0
16.0206603444538,11.630163728959836,11.759656421426476,0.679710960797199,ridge__tuned,2,63,ridge,tuned,0
14.696152198558254,11.032617774673907,10.707259072474749,0.6668420111055819,ridge__tuned,3,63,ridge,tuned,0
22.943582504194122,15.49161473228706,12.017011459625754,0.9463656451250421,ridge__tuned,4,63,ridge,tuned,0
22.36703217520239,13.92579751026465,12.853648993594108,0.8635148706123078,ridge__tuned,5,63,ridge,tuned,0
17.7707939145779,12.970878078802595,12.012712346533876,0.7770964896737296,ridge__tuned,6,63,ridge,tuned,0
24.056909672197463,17.840752591150114,14.667136354515565,1.082330910147183,ridge__tuned,7,63,ridge,tuned,0
17.216062550862706,12.151999297510564,8.471189497515997,0.7044002066168367,random_forest__default_cov,0,64,random_forest,default_cov,0
27.15720125829468,17.190221187295123,20.788005459653025,1.012590397972106,random_forest__default_cov,1,64,random_forest,default_cov,0
21.494319599525742,14.82312310439838,17.585973262133873,0.8467679646184647,random_forest__default_cov,2,64,random_forest,default_cov,0
17.587580349828567,13.72704680392198,13.554656846127955,0.811760529853653,random_forest__default_cov,3,64,random_forest,default_cov,0
16.748384567079682,11.568354132768722,9.606883480512952,0.7000398798024274,random_forest__default_cov,4,64,random_forest,default_cov,0
26.58842640306004,16.75437582582378,14.257452760463607,1.0245518663617104,random_forest__default_cov,5,64,random_forest,default_cov,0
15.553386148196273,11.074430462893107,10.721663223956645,0.6572191126131897,random_forest__default_cov,6,64,random_forest,default_cov,0
21.887536053984036,15.09476770572185,12.939347151272976,0.9061789864491139,random_forest__default_cov,7,71,random_forest,default_cov,0
17.21606255086271,12.151999297510566,8.471189497516,0.7044002066168368,random_forest__default,0,64,random_forest,default,0
27.15720125829468,17.190221187295126,20.788005459653032,1.0125903979721063,random_forest__default,1,64,random_forest,default,0
21.494319599525742,14.823123104398379,17.58597326213387,0.8467679646184646,random_forest__default,2,64,random_forest,default,0
17.587580349828567,13.72704680392198,13.554656846127955,0.811760529853653,random_forest__default,3,64,random_forest,default,0
16.74838456707968,11.568354132768718,9.606883480512952,0.7000398798024272,random_forest__default,4,64,random_forest,default,0
26.588426403060044,16.75437582582378,14.257452760463607,1.0245518663617104,random_forest__default,5,64,random_forest,default,0
15.553386148196276,11.074430462893112,10.721663223956647,0.65721911261319,random_forest__default,6,64,random_forest,default,0
21.887536053984043,15.094767705721852,12.939347151272976,0.906178986449114,random_forest__default,7,71,random_forest,default,0
22.01988092366241,12.966661270661607,12.405439416988493,0.754521745465818,random_forest__tuned,0,64,random_forest,tuned,0
21.675311030785288,15.324950990423217,16.474315115842636,0.8735053201986754,random_forest__tuned,1,64,random_forest,tuned,0
20.010504810679322,14.171156169817259,17.401943445883894,0.8139537371519201,random_forest__tuned,2,64,random_forest,tuned,0
14.379099891350917,11.722046458328062,11.673207270600901,0.698566589454632,random_forest__tuned,3,64,random_forest,tuned,0
16.07066576345502,10.871496632778033,8.514135790554283,0.65544405196762,random_forest__tuned,4,64,random_forest,tuned,0
25.18198214254711,16.689976722901974,14.75113143621692,1.027435899891142,random_forest__tuned,5,64,random_forest,tuned,0
14.14888045249241,9.966519998353569,9.889364019484093,0.5927688146835872,random_forest__tuned,6,64,random_forest,tuned,0
22.25056940247144,15.726671062325705,13.112933226675777,0.9472766284133045,random_forest__tuned,7,64,random_forest,tuned,0
18.476873620371236,13.486203851699829,9.13422372484628,0.7817384240270838,xgboost__default_cov,0,64,xgboost,default_cov,0
27.697554998509617,18.333523993492125,21.11730636091957,1.079936677634015,xgboost__default_cov,1,64,xgboost,default_cov,0
21.074497630847137,13.91009641170502,16.187845439617472,0.7946114960545032,xgboost__default_cov,2,64,xgboost,default_cov,0
19.473027453733202,14.733254566192628,14.697092242115547,0.8712634774221213,xgboost__default_cov,3,64,xgboost,default_cov,0
16.938535247502323,12.105493092536927,10.067194304017715,0.7325439584741045,xgboost__default_cov,4,64,xgboost,default_cov,0
25.645254924041335,16.60947136878967,14.51548951252265,1.0156907704043427,xgboost__default_cov,5,64,xgboost,default_cov,0
16.64934290716146,12.219891526699067,11.59170529752387,0.7251972272810248,xgboost__default_cov,6,64,xgboost,default_cov,0
20.22915472298765,14.280307253985336,11.797101959876834,0.8572847628978819,xgboost__default_cov,7,71,xgboost,default_cov,0
18.476873620371236,13.486203851699829,9.13422372484628,0.7817384240270838,xgboost__default,0,64,xgboost,default,0
27.697554998509617,18.333523993492125,21.11730636091957,1.079936677634015,xgboost__default,1,64,xgboost,default,0
21.074497630847137,13.91009641170502,16.187845439617472,0.7946114960545032,xgboost__default,2,64,xgboost,default,0
19.473027453733202,14.733254566192628,14.697092242115547,0.8712634774221213,xgboost__default,3,64,xgboost,default,0
16.938535247502323,12.105493092536927,10.067194304017715,0.7325439584741045,xgboost__default,4,64,xgboost,default,0
25.645254924041335,16.60947136878967,14.51548951252265,1.0156907704043427,xgboost__default,5,64,xgboost,default,0
16.64934290716146,12.219891526699067,11.59170529752387,0.7251972272810248,xgboost__default,6,64,xgboost,default,0
20.22915472298765,14.280307253985336,11.797101959876834,0.8572847628978819,xgboost__default,7,71,xgboost,default,0
20.7601530138822,12.691492614746094,11.71550763131353,0.7385098569599757,xgboost__tuned,0,64,xgboost,tuned,0
20.578627183761984,14.527596201896667,15.366981843711564,0.8280569758418759,xgboost__tuned,1,64,xgboost,tuned,0
19.116475895503534,13.971229906082154,16.46571197113884,0.8024705012344017,xgboost__tuned,2,64,xgboost,tuned,0
14.893776401497888,12.125111489295959,11.98156158482401,0.7225869484433669,xgboost__tuned,3,64,xgboost,tuned,0
17.90591297756826,12.045789027214049,9.191906583680469,0.7262423046096043,xgboost__tuned,4,64,xgboost,tuned,0
25.63697864062372,17.405270466804502,15.1036755692416,1.0714694227446846,xgboost__tuned,5,64,xgboost,tuned,0
15.561598505333361,11.077300634384155,10.585474855381579,0.6588336117343234,xgboost__tuned,6,64,xgboost,tuned,0
23.146260078932368,15.807248797416689,12.864825473389601,0.9521301288724716,xgboost__tuned,7,64,xgboost,tuned,0
20.237468628379162,14.05124726765824,9.845250475045672,0.8144916104949373,cnn_cov__default_cov,0,64,cnn_cov,default_cov,0
44.2636956480539,34.315172227424284,38.73512137173424,2.021336056334734,cnn_cov__default_cov,1,64,cnn_cov,default_cov,0
23.567070125587296,16.985412980010896,17.11575034242443,0.9702883445000993,cnn_cov__default_cov,2,64,cnn_cov,default_cov,0
23.50531904817326,20.0553354125244,20.676061329664822,1.1859892323097574,cnn_cov__default_cov,3,64,cnn_cov,default_cov,0
20.715253845698125,15.533180450075974,12.613814998794586,0.9399648083402941,cnn_cov__default_cov,4,64,cnn_cov,default_cov,0
33.748054565119716,21.211656683994082,15.254976715923377,1.297120386347872,cnn_cov__default_cov,5,64,cnn_cov,default_cov,0
20.365774998354674,14.641819040723455,12.308399701032943,0.8689280545153445,cnn_cov__default_cov,6,64,cnn_cov,default_cov,0
23.11415255374475,16.47507642283804,13.074075914569857,0.9890425838656606,cnn_cov__default_cov,7,71,cnn_cov,default_cov,0
16.719136289221172,13.077573552368893,9.470455720797759,0.7580518470094586,cnn_cov__default,0,64,cnn_cov,default,0
26.20948384719632,17.831772198058708,20.292637151417342,1.0503809758960614,cnn_cov__default,1,64,cnn_cov,default,0
20.008589299273225,14.261507502708628,16.433037025080434,0.814685784865151,cnn_cov__default,2,64,cnn_cov,default,0
17.706202320264197,13.74175946959821,14.634328080766467,0.8126305757896429,cnn_cov__default,3,64,cnn_cov,default,0
17.356037852045908,12.716968526569268,11.306840100298011,0.7695463863414892,cnn_cov__default,4,64,cnn_cov,default,0
24.063146450020593,15.254164606769752,12.697420817297257,0.9328119996906101,cnn_cov__default,5,64,cnn_cov,default,0
19.652191610378292,14.252456745858584,13.478391347375767,0.8458211017222819,cnn_cov__default,6,64,cnn_cov,default,0
20.687010115139305,15.697421126631752,13.262796469440175,0.9423578715294862,cnn_cov__default,7,71,cnn_cov,default,0
16.865705528135585,12.772500065979983,9.684082047007408,0.759021582423093,cnn_cov__tuned,0,65,cnn_cov,tuned,0
25.249023345829677,18.499787023355136,17.554456058271658,1.1074204484142554,cnn_cov__tuned,1,65,cnn_cov,tuned,0
18.67327558277354,13.421304494551263,15.315536493544215,0.7780570062872145,cnn_cov__tuned,2,65,cnn_cov,tuned,0
16.144508758535345,12.406027710321212,12.632144739312542,0.7422580835777572,cnn_cov__tuned,3,65,cnn_cov,tuned,0
18.08524540703101,13.409476857389125,12.357976216655818,0.8201081420270233,cnn_cov__tuned,4,65,cnn_cov,tuned,0
23.954793789177646,17.049492110938978,13.464971620419917,1.0539370437644593,cnn_cov__tuned,5,65,cnn_cov,tuned,0
19.263681384758794,13.311639946806892,13.034751627600203,0.7984531261331864,cnn_cov__tuned,6,65,cnn_cov,tuned,0
22.342722203943385,16.25037494909488,14.41358526045228,0.9851653296628008,cnn_cov__tuned,7,69,cnn_cov,tuned,0
17.52291721742448,12.191646883540528,8.789962518135289,0.7066984101558286,lstm_cov__default_cov,0,64,lstm_cov,default_cov,0
30.525906060480004,21.410637829364248,24.804622174576913,1.261194143126901,lstm_cov__default_cov,1,64,lstm_cov,default_cov,0
21.390220860812764,15.567462622767975,15.551231168234828,0.8892882118373446,lstm_cov__default_cov,2,64,lstm_cov,default_cov,0
17.99265503497463,14.709503337358397,15.734767372103583,0.8698589284045102,lstm_cov__default_cov,3,64,lstm_cov,default_cov,0
15.979108036321383,12.462972256871598,11.111541437386643,0.7541762207960068,lstm_cov__default_cov,4,64,lstm_cov,default_cov,0
29.30917377736274,19.07960630494568,14.005355315914084,1.1667427335042257,lstm_cov__default_cov,5,64,lstm_cov,default_cov,0
23.462514561747923,17.404991119831735,14.746371110377948,1.032910257294436,lstm_cov__default_cov,6,64,lstm_cov,default_cov,0
23.293756115449153,15.91117331101142,12.943729305524906,0.9551899827330941,lstm_cov__default_cov,7,71,lstm_cov,default_cov,0
15.470504226391645,12.108452105102863,8.979100515701312,0.7018759593239775,lstm_cov__default,0,64,lstm_cov,default,0
27.103119012830298,18.768775332539068,21.238070567848528,1.105575168367873,lstm_cov__default,1,64,lstm_cov,default,0
17.38589707986621,11.364051220832298,12.87166482213426,0.649169169972612,lstm_cov__default,2,64,lstm_cov,default,0
16.71977590765261,12.95201788658151,13.91686054108584,0.7659285389251708,lstm_cov__default,3,64,lstm_cov,default,0
17.01419489203895,12.93947491873752,11.902924581115123,0.7830109938596423,lstm_cov__default,4,64,lstm_cov,default,0
24.44230956770891,15.675527208414756,14.224848504574666,0.9585788706512708,lstm_cov__default,5,64,lstm_cov,default,0
18.89990940241,14.038716432165893,13.640233802399504,0.8331365469936699,lstm_cov__default,6,64,lstm_cov,default,0
22.49882441315046,16.543628224468033,14.655720426753946,0.9931579305428261,lstm_cov__default,7,71,lstm_cov,default,0
19.997005262688266,13.774081118116367,11.966190800101522,0.7978629793434214,lstm_cov__tuned,0,63,lstm_cov,tuned,0
24.177584560416154,17.474468218472047,19.258079664897863,1.0132737192797816,lstm_cov__tuned,1,63,lstm_cov,tuned,0
18.215379382720702,12.944721868357265,13.215462915093553,0.7565387335420215,lstm_cov__tuned,2,63,lstm_cov,tuned,0
15.3287709595566,10.578108017197414,11.262204360703228,0.6393701810347089,lstm_cov__tuned,3,63,lstm_cov,tuned,0
22.0333642209898,16.874959461984982,14.061369424718945,1.030872647795488,lstm_cov__tuned,4,63,lstm_cov,tuned,0
21.189973435263127,14.18690798628184,12.416192548507428,0.8797058843583649,lstm_cov__tuned,5,63,lstm_cov,tuned,0
17.883653324477304,14.061348088710943,12.740812859268628,0.8424274882110685,lstm_cov__tuned,6,63,lstm_cov,tuned,0
22.880968316250982,16.86340419242074,14.265143928058574,1.0230388832821065,lstm_cov__tuned,7,63,lstm_cov,tuned,0
16.75139478530053,11.722236103316861,8.41748835778266,0.6794886447104456,gru_cov__default_cov,0,64,gru_cov,default_cov,0
32.05327465645963,23.413936584808894,26.253027847239057,1.3791985051377837,gru_cov__default_cov,1,64,gru_cov,default_cov,0
19.58021705173931,13.283921637127527,13.02937981508056,0.758841386366412,gru_cov__default_cov,2,64,gru_cov,default_cov,0
18.200969158146325,14.092222432020897,15.292703030176668,0.8333554996668631,gru_cov__default_cov,3,64,gru_cov,default_cov,0
17.833250177332406,14.020624631499505,12.081444945553152,0.8484349864418255,gru_cov__default_cov,4,64,gru_cov,default_cov,0
28.63753069409525,20.05778980179474,14.9310992418459,1.2265599262041902,gru_cov__default_cov,5,64,gru_cov,default_cov,0
20.315751155156825,14.696266007861755,12.387950415622146,0.8721592443762599,gru_cov__default_cov,6,64,gru_cov,default_cov,0
20.3633101856343,14.26072285005692,11.331271971509945,0.8561090591276719,gru_cov__default_cov,7,71,gru_cov,default_cov,0
18.21498825081383,14.390555848841114,10.40598474983821,0.8341598995427358,gru_cov__default,0,64,gru_cov,default,0
28.03822818976796,20.037715081875007,22.697880012710087,1.1803220952272173,gru_cov__default,1,64,gru_cov,default,0
17.63298796223734,11.742943452928564,12.935004264504613,0.6708133135125589,gru_cov__default,2,64,gru_cov,default,0
17.302698928584917,13.54188110420154,14.569089990673445,0.8008105994962479,gru_cov__default,3,64,gru_cov,default,0
18.46317831270197,14.248337680532156,13.497133996967522,0.8622146662169042,gru_cov__default,4,64,gru_cov,default,0
24.92862623012386,16.195054367471485,14.76939679553762,0.9903486319345741,gru_cov__default,5,64,gru_cov,default,0
20.07108846001763,14.711334624012725,14.403792200380819,0.8730535009764735,gru_cov__default,6,64,gru_cov,default,0
22.25152495426193,16.42324250120408,14.469500560260485,0.9859308559155749,gru_cov__default,7,71,gru_cov,default,0
19.63930340822788,13.361511115828657,11.321137510182268,0.7739648820119015,gru_cov__tuned,0,63,gru_cov,tuned,0
23.992339458109186,17.974836285102597,19.22220440789046,1.0422880392318827,gru_cov__tuned,1,63,gru_cov,tuned,0
17.928890637976046,12.992412747772383,13.832500830032037,0.7593259697515854,gru_cov__tuned,2,63,gru_cov,tuned,0
16.146581857474473,12.020298124995751,12.328795206844127,0.7265401502589209,gru_cov__tuned,3,63,gru_cov,tuned,0
22.50329867060194,17.64968367915441,14.602449325925623,1.0781996951204829,gru_cov__tuned,4,63,gru_cov,tuned,0
21.556406816409382,15.219331283437345,13.269283055389971,0.9437246860968821,gru_cov__tuned,5,63,gru_cov,tuned,0
17.71319924972617,13.165260006232147,11.74799898315111,0.788742078549349,gru_cov__tuned,6,63,gru_cov,tuned,0
22.90817810810168,16.6829130057429,13.980463358118476,1.0120891663712024,gru_cov__tuned,7,63,gru_cov,tuned,0
21.358392674573217,16.095137735756374,11.361564816285652,0.9329673306445794,rnn_cov__default_cov,0,64,rnn_cov,default_cov,0
26.928804198599362,18.708609753234537,19.20619191823762,1.1020311134526735,rnn_cov__default_cov,1,64,rnn_cov,default_cov,0
18.354474935627042,14.0139424146165,13.74366469410624,0.8005436783550756,rnn_cov__default_cov,2,64,rnn_cov,default_cov,0
19.1999464563634,15.122090682811578,15.544342815467832,0.8942576302476696,rnn_cov__default_cov,3,64,rnn_cov,default_cov,0
17.258549652045986,13.743495831567204,12.287638419718174,0.8316649939633909,rnn_cov__default_cov,4,64,rnn_cov,default_cov,0
24.31577215257024,15.729064561412937,13.100599960041425,0.9618527493982073,rnn_cov__default_cov,5,64,rnn_cov,default_cov,0
21.224622455998997,15.620141416579868,13.712810482341458,0.9269872175453869,rnn_cov__default_cov,6,64,rnn_cov,default_cov,0
22.154155761991284,15.051307539231633,12.169618577054639,0.9035699572551047,rnn_cov__default_cov,7,71,rnn_cov,default_cov,0
17.01190085084307,13.196165932611333,9.886491278703732,0.7649261476986522,rnn_cov__default,0,64,rnn_cov,default,0
24.993447857939906,15.666268213951088,17.579777573072946,0.9228219109377619,rnn_cov__default,1,64,rnn_cov,default,0
16.134337404165453,11.260378390068437,11.963060616715978,0.6432468800965938,rnn_cov__default,2,64,rnn_cov,default,0
16.887795879533066,13.435272569816787,13.96050463100294,0.7945062135933483,rnn_cov__default,3,64,rnn_cov,default,0
18.335215325144024,13.993098403677479,12.778897342787616,0.8467692821424245,rnn_cov__default,4,64,rnn_cov,default,0
25.88070350111901,17.10982023850483,15.552280460454677,1.0462877543581413,rnn_cov__default,5,64,rnn_cov,default,0
19.40496408588208,14.243394966668557,13.669781284131673,0.8452833246783137,rnn_cov__default,6,64,rnn_cov,default,0
22.019168930186307,16.40574145870685,14.438854153217228,0.98488022186402,rnn_cov__default,7,71,rnn_cov,default,0
20.469252555157247,13.812499592095145,12.162589265020541,0.8000883675814956,rnn_cov__tuned,0,63,rnn_cov,tuned,0
21.425407855682625,15.707875225233074,17.10720456189641,0.9108361383283553,rnn_cov__tuned,1,63,rnn_cov,tuned,0
18.158055856559624,13.392276772958052,14.410504814076125,0.7826955427929698,rnn_cov__tuned,2,63,rnn_cov,tuned,0
17.27624152054132,13.265871869499835,14.343238642314473,0.801826081279944,rnn_cov__tuned,3,63,rnn_cov,tuned,0
22.455224160696275,17.28862961411782,14.177157618595757,1.0561433008008363,rnn_cov__tuned,4,63,rnn_cov,tuned,0
21.186553220545715,13.745832845044466,12.67815807411716,0.8523555697185639,rnn_cov__tuned,5,63,rnn_cov,tuned,0
18.323558789106002,13.226216966277534,12.58693725365087,0.7923940625850222,rnn_cov__tuned,6,63,rnn_cov,tuned,0
22.75209084956319,16.356564461231578,13.938353728473274,0.9922908358130307,rnn_cov__tuned,7,63,rnn_cov,tuned,0
23.446817267927784,17.6646923612468,12.44315314727398,1.0239478002302185,dlinear__default_cov,0,64,dlinear,default_cov,599
40.163470993778404,34.270148132444945,34.13283779698907,2.0186839109227157,dlinear__default_cov,1,64,dlinear,default_cov,599
21.138436894315706,15.264360850421594,16.377755050971498,0.8719735832645146,dlinear__default_cov,2,64,dlinear,default_cov,599
21.418258514049903,16.01194397896395,14.957796799617979,0.9468798579922624,dlinear__default_cov,3,64,dlinear,default_cov,599
19.825586468683216,15.422538559248343,13.269475178833826,0.9332694967110717,dlinear__default_cov,4,64,dlinear,default_cov,599
28.58402663604382,18.84788411553713,15.642049170711763,1.1525726203287754,dlinear__default_cov,5,64,dlinear,default_cov,599
22.164263480618448,17.183922467421258,14.588038839820477,1.0197907976481246,dlinear__default_cov,6,64,dlinear,default_cov,599
23.064619559188237,17.374610673477825,14.914055648677532,1.0430440134611645,dlinear__default_cov,7,71,dlinear,default_cov,599
20.78198973052185,15.387858142275928,10.981499611586038,0.8919693121633274,dlinear__default,0,64,dlinear,default,71
24.171283281370595,15.919588090261037,16.413570358149805,0.9377437244253344,dlinear__default,1,64,dlinear,default,71
15.764191832467045,11.853676128031609,12.034566937741006,0.6771388955949165,dlinear__default,2,64,dlinear,default,71
18.653298991693816,14.76663694401939,14.91523746384229,0.8732375725861798,dlinear__default,3,64,dlinear,default,71
18.706909735860876,14.030329204542976,12.723674444422178,0.84902224268147,dlinear__default,4,64,dlinear,default,71
26.020807112491156,17.114019179922728,14.425842459207555,1.046544525085453,dlinear__default,5,64,dlinear,default,71
19.78277998164798,14.272473742437406,13.252729436033237,0.8470090231032318,dlinear__default,6,64,dlinear,default,71
23.739432755811144,17.318612434262434,14.783501134286478,1.03968229046917,dlinear__default,7,71,dlinear,default,71
20.545974465886058,13.77633882517528,12.274441171572152,0.7979937569150839,dlinear__tuned,0,63,dlinear,tuned,114
22.879902369241037,17.751581604756506,17.414438446188214,1.0293424034922056,dlinear__tuned,1,63,dlinear,tuned,114
16.447281130447532,12.389334767643701,12.485591999467378,0.7240798010077889,dlinear__tuned,2,63,dlinear,tuned,114
13.741772009194376,9.912101178325612,9.890710863554075,0.5991148808952576,dlinear__tuned,3,63,dlinear,tuned,114
25.029099788011862,17.23408682107908,12.948126860194256,1.0528113417757097,dlinear__tuned,4,63,dlinear,tuned,114
23.048521804003713,13.891248623330327,12.882642982438453,0.8613725532614416,dlinear__tuned,5,63,dlinear,tuned,114
17.160603717481546,11.994828769099097,11.481340185481253,0.7186205339434392,dlinear__tuned,6,63,dlinear,tuned,114
24.04890374306463,17.13625202478775,13.94856009212559,1.0395915282015793,dlinear__tuned,7,63,dlinear,tuned,114
21.59599940507604,16.3113369978012,11.43557190164542,0.9454994910838892,nlinear__default_cov,0,64,nlinear,default_cov,311
34.56042707056579,28.405718262139374,28.5201464374798,1.6732395264932094,nlinear__default_cov,1,64,nlinear,default_cov,311
17.23340459866097,12.816510542182844,13.083885712946177,0.7321406203592162,nlinear__default_cov,2,64,nlinear,default_cov,311
20.293871706076047,14.87103697744276,14.331397295277783,0.8794113569156891,nlinear__default_cov,3,64,nlinear,default_cov,311
18.600319780953356,14.125095253814035,12.239270619125692,0.8547568539303724,nlinear__default_cov,4,64,nlinear,default_cov,311
27.74901992612822,18.750466360404975,15.444142314201414,1.1466153979365463,nlinear__default_cov,5,64,nlinear,default_cov,311
21.44133978048992,16.736017770181544,14.280394885138833,0.9932096087877575,nlinear__default_cov,6,64,nlinear,default_cov,311
23.9140235206236,17.769220768475506,15.138517525120514,1.066733505270438,nlinear__default_cov,7,71,nlinear,default_cov,311
18.63973968923362,14.210220565833481,10.6449752045285,0.823706622884227,nlinear__default,0,64,nlinear,default,47
24.439397723888792,15.750896021344605,16.679373876755648,0.9278069139946999,nlinear__default,1,64,nlinear,default,47
16.02321536255612,11.806730603396286,12.043286918872798,0.6744571418198565,nlinear__default,2,64,nlinear,default,47
18.7200554970593,14.42411255391998,14.53426546522766,0.8529821029016549,nlinear__default,3,64,nlinear,default,47
18.13658633151511,13.46586362823344,12.1155529553615,0.814864538857982,nlinear__default,4,64,nlinear,default,47
25.53645052938445,16.960770355062763,14.345319039754301,1.0371731601859016,nlinear__default,5,64,nlinear,default,47
19.753972874775236,14.488382167949819,13.39269293667594,0.859822245805423,nlinear__default,6,64,nlinear,default,47
23.878165377111237,17.307369762844143,14.731183656413627,1.0390073630513108,nlinear__default,7,71,nlinear,default,47
20.25837599108698,13.733912643042256,12.079162535624683,0.7955362223769505,nlinear__tuned,0,63,nlinear,tuned,66
22.74130092122925,17.450840287300508,17.316946130237458,1.011903631137599,nlinear__tuned,1,63,nlinear,tuned,66
17.597372479546657,13.955470692776533,13.215814597396575,0.8156107355001664,nlinear__tuned,2,63,nlinear,tuned,66
13.589246413986066,10.173184568085363,9.885777290736879,0.6148954849413177,nlinear__tuned,3,63,nlinear,tuned,66
24.682620069519185,16.89279690937702,12.885884304099903,1.0319623177685842,nlinear__tuned,4,63,nlinear,tuned,66
22.851590008873117,13.486211437595484,12.590357399101846,0.8362568905659878,nlinear__tuned,5,63,nlinear,tuned,66
16.911648956933202,11.562106181524268,11.202405699746059,0.6926957506123499,nlinear__tuned,6,63,nlinear,tuned,66
23.716974201936985,16.909816208191415,13.650168001183147,1.0258545245513968,nlinear__tuned,7,63,nlinear,tuned,66
20.01938336188949,14.198662734648856,10.279388923556382,0.8230366641000655,tcn__default_cov,0,64,tcn,default_cov,23382
46.98462047326103,36.944477145398054,42.16216163746509,2.1762153266054853,tcn__default_cov,1,64,tcn,default_cov,23382
24.007687539475853,17.816852125881777,17.349898560933404,1.017784140648773,tcn__default_cov,2,64,tcn,default_cov,23382
21.47174627030915,17.117118320182705,17.692032411448782,1.0122352779615509,tcn__default_cov,3,64,tcn,default_cov,23382
16.849059541601992,13.621962079608934,12.213753228441025,0.824310579313185,tcn__default_cov,4,64,tcn,default_cov,23382
34.68402980273744,21.604962998019012,15.622895252819212,1.3211715788408203,tcn__default_cov,5,64,tcn,default_cov,23382
18.802240631721467,13.825512559548606,11.813201551786806,0.8204838277015373,tcn__default_cov,6,64,tcn,default_cov,23382
21.786631352282082,14.688863688881165,11.841399812789966,0.8818114905229004,tcn__default_cov,7,71,tcn,default_cov,23382
15.448926936501687,11.0736458208452,7.644173142997765,0.6418925983482389,tcn__default,0,64,tcn,default,21974
26.650990470868688,18.742937881917666,20.67239431597972,1.1040532127093472,tcn__default,1,64,tcn,default,21974
16.271068795980852,11.206556804414502,12.44425332005698,0.640172332700897,tcn__default,2,64,tcn,default,21974
18.54931203981244,13.838571764251416,14.201229382565034,0.8183556527655284,tcn__default,3,64,tcn,default,21974
19.125588647606403,14.070197172560988,13.465236733773981,0.8514347870433546,tcn__default,4,64,tcn,default,21974
24.244994020832348,15.551791595535189,12.794160275424598,0.9510122770384086,tcn__default,5,64,tcn,default,21974
18.387898242659002,13.459328573568488,12.869323508780809,0.7987524063769464,tcn__default,6,64,tcn,default,21974
20.3543621366717,14.22489538300523,12.379654790696678,0.8539582411480329,tcn__default,7,71,tcn,default,21974
16.844384299796058,13.401463747023785,10.07008152148022,0.7963985255435776,tcn__tuned,0,65,tcn,tuned,2758
24.454762400512063,16.32841535917044,17.29335926432399,0.9774394178764605,tcn__tuned,1,65,tcn,tuned,2758
16.484287875166014,11.344142756480492,12.214689955898454,0.6576402283090522,tcn__tuned,2,65,tcn,tuned,2758
15.255951106328261,11.645390356835536,11.94165074288091,0.6967488168342835,tcn__tuned,3,65,tcn,tuned,2758
20.128386679549408,15.379822114176493,14.745761267215624,0.9406121859118693,tcn__tuned,4,65,tcn,tuned,2758
23.927401573429403,17.101610305481497,13.522232499824552,1.057158799317356,tcn__tuned,5,65,tcn,tuned,2758
19.61183405608688,14.770140728968281,14.410945322035431,0.885936299779556,tcn__tuned,6,65,tcn,tuned,2758
22.965654273863393,16.470278038423668,13.764212912742593,0.9984967697170212,tcn__tuned,7,69,tcn,tuned,2758
18.790898119650393,13.308622772134616,9.87981899867944,0.7714447969395146,transformer__default_cov,0,64,transformer,default_cov,18390
36.591925041057316,26.711875895163356,31.758153087668028,1.5734637005866818,transformer__default_cov,1,64,transformer,default_cov,18390
21.0922344108096,16.018398534648583,16.566083857995583,0.915047836282696,transformer__default_cov,2,64,transformer,default_cov,18390
18.70291159909283,15.030111758250438,15.861806485665863,0.8888183787026258,transformer__default_cov,3,64,transformer,default_cov,18390
19.714732326053813,15.281743080339783,14.593798729145712,0.9247494904076095,transformer__default_cov,4,64,transformer,default_cov,18390
31.643915476919876,23.518978394100234,18.026319497551878,1.43821610897948,transformer__default_cov,5,64,transformer,default_cov,18390
22.375637758511992,15.304251737565163,12.615201143221544,0.9082405438251139,transformer__default_cov,6,64,transformer,default_cov,18390
26.561054155599102,17.365604971228674,14.265955818862011,1.0425033772423438,transformer__default_cov,7,71,transformer,default_cov,18390
15.530686580395143,11.511494946423118,8.640080373740606,0.6672728676334148,transformer__default,0,64,transformer,default,18038
27.296533821793542,18.839219558002,21.461852405203523,1.1097246871855286,transformer__default,1,64,transformer,default,18038
20.504314174363838,13.972671127637131,15.075587894437307,0.7981860642796493,transformer__default,2,64,transformer,default,18038
18.351481937787273,13.585625614588785,14.543164668933878,0.8033974681386709,transformer__default,3,64,transformer,default,18038
22.85818850034336,16.372231150043522,14.9301680223037,0.9907385782657524,transformer__default,4,64,transformer,default,18038
25.795384349594656,17.6280627231559,14.282889509152055,1.0779789561311608,transformer__default,5,64,transformer,default,18038
21.866629349677375,16.954166469792,16.795749504985142,1.0061557819797873,transformer__default,6,64,transformer,default,18038
22.87627003031304,17.148899319162993,15.39943097144924,1.029493961531214,transformer__default,7,71,transformer,default,18038
19.880876591721943,12.341367035099973,11.166181914340683,0.7148730857149265,transformer__tuned,0,63,transformer,tuned,5409
27.480601364799263,19.77027812465267,21.1532607531814,1.1463984480732976,transformer__tuned,1,63,transformer,tuned,5409
22.014065377247118,15.860720665066152,15.087606142827282,0.9269607834792103,transformer__tuned,2,63,transformer,tuned,5409
15.399529171975322,10.729850145439093,10.478616226043728,0.6485418960376891,transformer__tuned,3,63,transformer,tuned,5409
27.258114181863572,18.31207778926054,14.020487535995855,1.1186646201893413,transformer__tuned,4,63,transformer,tuned,5409
23.823733163623714,15.47920697838356,14.177865927908332,0.9598391331819668,transformer__tuned,5,63,transformer,tuned,5409
16.76683235737757,12.770915914029352,11.825753612433337,0.7651165839673619,transformer__tuned,6,63,transformer,tuned,5409
27.485048894803313,16.48376702318857,14.544236626527434,1.0000077336262012,transformer__tuned,7,63,transformer,tuned,5409
16.92101046799354,11.885734256973908,8.542407292952829,0.6889659439101821,nbeats__default_cov,0,64,nbeats,default_cov,34635
30.702399384631672,19.257022463442894,22.34187426419339,1.134335377512595,nbeats__default_cov,1,64,nbeats,default_cov,34635
21.1630786978022,15.469141476070039,14.983957046692181,0.8836716358511638,nbeats__default_cov,2,64,nbeats,default_cov,34635
20.636523304855032,14.037388732700549,14.064317530525667,0.8301128624521781,nbeats__default_cov,3,64,nbeats,default_cov,34635
20.250619581884717,13.953049375286053,13.301132544440966,0.8443457812105225,nbeats__default_cov,4,64,nbeats,default_cov,34635
27.92183748359421,17.823319124436797,15.498328699021494,1.08991913894854,nbeats__default_cov,5,64,nbeats,default_cov,34635
19.523252540369775,14.47714553458596,14.382814725832732,0.8591554006585868,nbeats__default_cov,6,64,nbeats,default_cov,34635
23.35151684692524,14.82845397009566,13.124635508041601,0.8901914657577064,nbeats__default_cov,7,71,nbeats,default_cov,34635
16.92101046799354,11.885734256973908,8.542407292952829,0.6889659439101821,nbeats__default,0,64,nbeats,default,34635
30.702399384631672,19.257022463442894,22.34187426419339,1.134335377512595,nbeats__default,1,64,nbeats,default,34635
21.1630786978022,15.469141476070039,14.983957046692181,0.8836716358511638,nbeats__default,2,64,nbeats,default,34635
20.636523304855032,14.037388732700549,14.064317530525667,0.8301128624521781,nbeats__default,3,64,nbeats,default,34635
20.250619581884717,13.953049375286053,13.301132544440966,0.8443457812105225,nbeats__default,4,64,nbeats,default,34635
27.92183748359421,17.823319124436797,15.498328699021494,1.08991913894854,nbeats__default,5,64,nbeats,default,34635
19.523252540369775,14.47714553458596,14.382814725832732,0.8591554006585868,nbeats__default,6,64,nbeats,default,34635
23.35151684692524,14.82845397009566,13.124635508041601,0.8901914657577064,nbeats__default,7,71,nbeats,default,34635
13.863716042324805,10.376533300897334,8.089050783798116,0.6166382998964361,nbeats__tuned,0,65,nbeats,tuned,21284
26.804621442485363,16.65280404069323,18.95645671606164,0.9968577311088757,nbeats__tuned,1,65,nbeats,tuned,21284
20.343184803928473,13.22734986490875,15.173631274147473,0.7668131097973864,nbeats__tuned,2,65,nbeats,tuned,21284
17.556673678596198,12.34685066504668,12.735543263312213,0.7387174949830111,nbeats__tuned,3,65,nbeats,tuned,21284
19.68485225926238,13.15620452218039,12.918486520077801,0.8046182980559348,nbeats__tuned,4,65,nbeats,tuned,21284
24.40702236854006,14.570743013162136,13.299397313346873,0.9007098696442053,nbeats__tuned,5,65,nbeats,tuned,21284
23.363769534863227,15.579983208801865,15.542204716329383,0.9345119269962225,nbeats__tuned,6,65,nbeats,tuned,21284
22.418499710800074,15.310994340448396,13.390903144116862,0.9282161694191104,nbeats__tuned,7,69,nbeats,tuned,21284
20.86442301560225,15.053067749950557,11.160969696086656,0.8725629234898493,nbeatsx__default_cov,0,64,nbeatsx,default_cov,49931
32.4402389592446,22.144956666499645,25.91114249643929,1.3044492121240874,nbeatsx__default_cov,1,64,nbeatsx,default_cov,49931
19.242721845610323,13.004785505742358,13.058689263414594,0.7428957902757772,nbeatsx__default_cov,2,64,nbeatsx,default_cov,49931
21.07776685114946,15.541416124343609,14.963684486967066,0.9190547951048553,nbeatsx__default_cov,3,64,nbeatsx,default_cov,49931
17.8530448234086,14.327084943546815,12.536286810601919,0.8669799270226225,nbeatsx__default_cov,4,64,nbeatsx,default_cov,49931
33.40819420584766,20.7177354392238,14.77776583900871,1.2669164600168707,nbeatsx__default_cov,5,64,nbeatsx,default_cov,49931
18.43949008380329,13.534448137512037,12.83868993427352,0.8032104246308234,nbeatsx__default_cov,6,64,nbeatsx,default_cov,49931
23.773019326809017,17.172156699111355,13.991297809980635,1.0308901638047394,nbeatsx__default_cov,7,71,nbeatsx,default_cov,49931
18.129636827024633,12.913153993416808,9.8628745322062,0.7485211378263678,nbeatsx__default,0,64,nbeatsx,default,41483
33.24764873543173,23.12917871872354,27.04091496151252,1.362424836096331,nbeatsx__default,1,64,nbeatsx,default,41483
22.893602557465442,14.886357551724382,16.508988199044143,0.8503802198685154,nbeatsx__default,2,64,nbeatsx,default,41483
20.13904330342983,15.87496379541486,15.826775241118202,0.9387794189127155,nbeatsx__default,3,64,nbeatsx,default,41483
19.17736209530117,13.822886671885637,13.263249422360927,0.8364691997887038,nbeatsx__default,4,64,nbeatsx,default,41483
26.571273791802867,16.804530059497502,14.4103679709917,1.027618862963109,nbeatsx__default,5,64,nbeatsx,default,41483
18.880957040770515,13.338842230999145,12.949347521695326,0.7916020678190622,nbeatsx__default,6,64,nbeatsx,default,41483
22.444146451258742,14.716777106913645,11.695343980441422,0.8834872071257743,nbeatsx__default,7,71,nbeatsx,default,41483
18.517280360857576,12.62021053666134,9.739991075602852,0.7499715891615713,nbeatsx__tuned,0,65,nbeatsx,tuned,46386
25.435744406495488,16.505833480410658,17.511644332725275,0.9880598890814866,nbeatsx__tuned,1,65,nbeatsx,tuned,46386
18.192237380599543,11.954306503159776,13.355004274931659,0.693012511106079,nbeatsx__tuned,2,65,nbeatsx,tuned,46386
15.032422904279022,11.065588608809133,11.049382751044977,0.6620590237438593,nbeatsx__tuned,3,65,nbeatsx,tuned,46386
19.380422990135617,14.467118484079446,12.469372494494314,0.8847922843407093,nbeatsx__tuned,4,65,nbeatsx,tuned,46386
24.105668058190847,15.961192974992711,13.295361542622382,0.9866623844017498,nbeatsx__tuned,5,65,nbeatsx,tuned,46386
16.363565790783568,12.118967098074766,10.484231176942957,0.7269147305388277,nbeatsx__tuned,6,65,nbeatsx,tuned,46386
25.642375548204424,16.19663921534481,11.79180527493753,0.9819076459465547,nbeatsx__tuned,7,69,nbeatsx,tuned,46386
