rmse,mae,mape,mase,model,fold,n_test,arm
22.217004748615416,13.846250000000001,11.769277074468782,0.8026087824796384,persistence,0,64,lags_only
22.55274983233752,15.558125,12.227333355157661,0.9018389646233474,seasonal_naive_15,0,64,lags_only
35.162209183314445,30.005377906976747,21.618948255504613,1.7392853537788244,drift,0,64,lags_only
34.05211618322062,27.745208333333327,20.848923657743878,1.608272844998507,rolling_mean_15,0,64,lags_only
33.41321644128743,26.89336594202898,20.80747525478881,1.5588951301262979,train_mean,0,64,lags_only
16.961041922605975,12.318137101871983,9.606124971691386,0.7140305152478638,ridge,0,64,lags_only
16.466885611720766,11.926292694388465,8.640129787509421,0.6913169456668001,random_forest,0,64,lags_only
18.6964499530908,13.778660225868226,9.565010023448895,0.798690888008285,xgboost,0,64,lags_only
15.12414294258726,11.568319972476148,8.473547440319107,0.6705667750072377,cnn,0,64,lags_only
14.445417841909483,11.170254868625085,8.492581890798743,0.6474926178636405,lstm,0,64,lags_only
13.9470122714812,10.424563423883725,8.046398585133849,0.6042680261821856,gru,0,64,lags_only
15.042148943547643,11.20135950329949,8.610400552972553,0.6492956225013943,rnn,0,64,lags_only
33.743654218237836,18.15,21.43764349610528,1.0691261923247874,persistence,1,64,lags_only
36.7334125830966,20.762500000000003,23.10690702658165,1.2230155684927495,seasonal_naive_15,1,64,lags_only
77.89357712707064,64.08457107843137,73.06035938746707,3.7749032211487896,drift,1,64,lags_only
44.94696735783925,37.3065,39.00680446343849,2.197540291678495,rolling_mean_15,1,64,lags_only
49.51616836311511,40.519333740831286,45.295011911211816,2.3867923414805645,train_mean,1,64,lags_only
26.1119141634123,16.115957762529057,18.093039291069008,0.9493108847559114,ridge,1,64,lags_only
28.15086632137223,17.661836024445996,21.405240534323084,1.040370881447973,random_forest,1,64,lags_only
28.085592012620975,17.029286308288576,20.598359100833743,1.00311052500216,xgboost,1,64,lags_only
26.983040221684192,18.1799890129394,20.60830989700575,1.0708926958628306,cnn,1,64,lags_only
27.77098150372044,19.456083595690608,22.130963558233958,1.1460610783588683,lstm,1,64,lags_only
26.862904129126694,18.624047850475048,20.844260844913393,1.097049992509809,gru,1,64,lags_only
27.91191785186303,17.91020260532096,20.79027638582512,1.0550009209472335,rnn,1,64,lags_only
25.596458739442845,15.056249999999999,16.473577587928816,0.8600852922488228,persistence,2,64,lags_only
21.245667793693848,12.65,12.528558745496499,0.7226287386930749,seasonal_naive_15,2,64,lags_only
54.639957218982815,48.06638771186441,36.0593398883858,2.7457828557910586,drift,2,64,lags_only
35.59184510842648,30.015333333333334,30.944003353627096,1.7146199579540613,rolling_mean_15,2,64,lags_only
42.708232798010286,32.22924418604649,38.20954696978267,1.8410891759046557,train_mean,2,64,lags_only
15.625707552407405,10.48324340760849,11.061929197222774,0.5988531985021831,ridge,2,64,lags_only
21.93216127707987,14.923409270162814,17.834948568338792,0.8524967919287191,random_forest,2,64,lags_only
20.50621520715144,13.044343867301942,15.418085420729222,0.7451555538266521,xgboost,2,64,lags_only
19.46010701573125,12.824424858414723,15.163585564099758,0.7325927241027942,cnn,2,64,lags_only
20.22782235541672,13.183375589449591,15.220646477587174,0.7530977133534412,lstm,2,64,lags_only
18.693362601270746,11.814375370146813,13.129708363092712,0.6748938476028238,gru,2,64,lags_only
16.274862183176243,11.047594719649217,11.570774793081794,0.6310916551661967,rnn,2,64,lags_only
27.444173334243462,16.775000000000002,19.61440928128812,0.9920038215652045,persistence,3,64,lags_only
19.774393163887485,13.385625000000001,12.446355961066855,0.7915702625358415,seasonal_naive_15,3,64,lags_only
49.088274562816586,37.71306902985074,45.7673220325386,2.230194253386843,drift,3,64,lags_only
40.23211733318433,35.94708333333333,35.976460681630726,2.1257611946819392,rolling_mean_15,3,64,lags_only
45.277572136973454,34.7218354283054,41.54253078102028,2.0533051228993777,train_mean,3,64,lags_only
17.593216208027528,13.19046404874247,13.655858210392797,0.7800292545198789,ridge,3,64,lags_only
17.573725121526962,14.016400143913463,13.938020601195838,0.8288716844917577,random_forest,3,64,lags_only
17.8264114220873,13.383349905014036,13.019172843463544,0.7914357228684494,xgboost,3,64,lags_only
17.866356532225836,13.510734402686445,14.419023670958955,0.798968712942917,cnn,3,64,lags_only
16.03108073256559,12.264241609883229,13.09592616593131,0.7252563067423641,lstm,3,64,lags_only
16.1043497194216,12.62274065463967,12.894715584979805,0.7464564511492712,gru,3,64,lags_only
17.14514327874432,13.307789407316616,14.254257386902779,0.7869673888907917,rnn,3,64,lags_only
28.961874076102188,17.11875,16.906050488337193,1.0359129358274277,persistence,4,64,lags_only
20.824963985563095,14.774375,12.84110085826867,0.8940469474269648,seasonal_naive_15,4,64,lags_only
85.29452673296218,73.56648750000001,46.77173905875883,4.45175471600653,drift,4,64,lags_only
44.31296810942217,37.86383333333333,36.09990934176943,2.2912674552764516,rolling_mean_15,4,64,lags_only
45.06292485010769,37.38413373544093,37.10307634345872,2.262239224899353,train_mean,4,64,lags_only
17.147040168193318,11.775206832245699,10.497629142850522,0.7125572299126296,ridge,4,64,lags_only
15.230685644842715,10.73176777024843,9.879303400893177,0.6494152351951059,random_forest,4,64,lags_only
17.564648963560128,11.716279675960541,10.933835687775565,0.7089913501920122,xgboost,4,64,lags_only
17.305335133956827,12.834784616600729,11.670010600497054,0.7766758328087955,cnn,4,64,lags_only
16.0709903993025,12.577036274375017,11.163730811779637,0.7610786167796059,lstm,4,64,lags_only
15.729649198349701,12.219941330128654,10.93592766447569,0.7394696049029571,gru,4,64,lags_only
16.53442334148153,12.386371897648154,11.002981930994949,0.7495408763340224,rnn,4,64,lags_only
34.07959066655584,18.05375,17.792677489528657,1.104010286603337,persistence,5,64,lags_only
33.628890852955585,21.90375,19.102574989344216,1.3394427925050385,seasonal_naive_15,5,64,lags_only
50.201725029046585,43.35623493975905,30.86743804544372,2.6512901398260746,drift,5,64,lags_only
45.50954762830908,37.47149999999999,30.304286638719912,2.2914309467261336,rolling_mean_15,5,64,lags_only
48.33474695463891,41.493157894736854,30.728386693664273,2.537360556086461,train_mean,5,64,lags_only
25.87075852432199,16.832296705788686,14.481892690183315,1.0293168294869581,ridge,5,64,lags_only
26.722207107966266,15.976759438354344,14.99953234941045,0.9769996131845267,random_forest,5,64,lags_only
26.484732745067507,15.468395705223083,14.365939677060963,0.9459125099116339,xgboost,5,64,lags_only
24.775351043902763,14.190356253172613,12.577442184439198,0.8677587356681327,cnn,5,64,lags_only
25.05892030819554,15.240647219142723,14.268716230618194,0.9319853938614474,lstm,5,64,lags_only
25.36156434667707,15.202923235241414,14.439440654993337,0.9296785231958681,gru,5,64,lags_only
26.957621873822397,16.296267622181546,15.54998818826459,0.9965379540610304,rnn,5,64,lags_only
33.72258071381845,19.95125,20.562722567637344,1.1840196084538335,persistence,6,64,lags_only
21.873549094739978,14.506250000000001,13.018618779103686,0.8608826236518223,seasonal_naive_15,6,64,lags_only
94.34107526378423,81.18098214285715,83.70394282021815,4.817736968394629,drift,6,64,lags_only
47.87110466891507,41.40858333333334,39.42956755167898,2.45741868930324,rolling_mean_15,6,64,lags_only
48.13438552532053,41.50431841563786,39.458324496015884,2.463100148593535,train_mean,6,64,lags_only
18.8122786578775,13.179698178221948,12.39235463555846,0.7821575628854358,ridge,6,64,lags_only
16.700209887798398,11.270835139171172,11.284662887788208,0.6688748729242107,random_forest,6,64,lags_only
19.951321854988475,13.136744046211243,13.168659932080317,0.7796084226278184,xgboost,6,64,lags_only
20.12342845530289,14.66299306585325,14.348209415541795,0.8701846404908383,cnn,6,64,lags_only
20.317007654020756,13.477362810222935,13.756134563189814,0.7998226596103208,lstm,6,64,lags_only
20.135646197472678,13.631933700888236,13.781564147097836,0.8089957673325884,gru,6,64,lags_only
19.753725939335766,13.90435221326233,13.71848556626514,0.8251626170466038,rnn,6,64,lags_only
33.148604372295765,18.579154929577467,18.32407390493533,1.1153560035762369,persistence,7,71,lags_only
33.097070377990164,23.68563380281691,20.73956702781955,1.421911489549159,seasonal_naive_15,7,71,lags_only
86.12713957706163,73.11643192488262,43.67546593928232,4.389373554211796,drift,7,71,lags_only
47.171871282051036,40.83365258215963,34.94402725276525,2.451352589936868,rolling_mean_15,7,71,lags_only
48.21354884308736,42.304511660124696,36.50192846393064,2.5396521659531737,train_mean,7,71,lags_only
23.021607703726445,17.11546509047587,14.806512648130091,1.0274868160053559,ridge,7,71,lags_only
21.37844329221298,14.939962498720716,13.202759066283726,0.896885618819206,random_forest,7,71,lags_only
20.796507284389538,14.344230133916291,12.425702752186595,0.8611222231142973,xgboost,7,71,lags_only
19.643973094504027,14.480064586084733,12.770576388354208,0.8692767259586314,cnn,7,71,lags_only
22.419120070604315,16.274163928763244,14.659240794023445,0.976981273364231,lstm,7,71,lags_only
22.177234329691746,15.984470346170156,14.154913248633108,0.9595901983789891,gru,7,71,lags_only
22.115771287755432,15.857050301270116,14.647117827846534,0.9519408347457183,rnn,7,71,lags_only
22.217004748615416,13.846250000000001,11.769277074468782,0.8026087824796384,persistence,0,64,full_sparse
22.55274983233752,15.558125,12.227333355157661,0.9018389646233474,seasonal_naive_15,0,64,full_sparse
35.162209183314445,30.005377906976747,21.618948255504613,1.7392853537788244,drift,0,64,full_sparse
34.05211618322062,27.745208333333327,20.848923657743878,1.608272844998507,rolling_mean_15,0,64,full_sparse
33.41321644128743,26.89336594202898,20.80747525478881,1.5588951301262979,train_mean,0,64,full_sparse
23.34235280128712,17.444321966043017,12.42344036832045,1.0111738567733932,ridge,0,64,full_sparse
20.520955297680086,13.844739751680693,9.762291634979928,0.8025212397467829,random_forest,0,64,full_sparse
21.47489285767064,14.97505310535431,10.41279344185315,0.8680407431944642,xgboost,0,64,full_sparse
33.743654218237836,18.15,21.43764349610528,1.0691261923247874,persistence,1,64,full_sparse
36.7334125830966,20.762500000000003,23.10690702658165,1.2230155684927495,seasonal_naive_15,1,64,full_sparse
77.89357712707064,64.08457107843137,73.06035938746707,3.7749032211487896,drift,1,64,full_sparse
44.94696735783925,37.3065,39.00680446343849,2.197540291678495,rolling_mean_15,1,64,full_sparse
49.51616836311511,40.519333740831286,45.295011911211816,2.3867923414805645,train_mean,1,64,full_sparse
25.306313291513348,18.252185539773404,19.06728235142524,1.0751454340354538,ridge,1,64,full_sparse
25.236189909156444,16.673596004384578,19.61337387915255,0.9821585789823403,random_forest,1,64,full_sparse
23.948275752072885,16.473292202949523,18.256087452840124,0.9703596786773022,xgboost,1,64,full_sparse
25.596458739442845,15.056249999999999,16.473577587928816,0.8600852922488228,persistence,2,64,full_sparse
21.245667793693848,12.65,12.528558745496499,0.7226287386930749,seasonal_naive_15,2,64,full_sparse
54.639957218982815,48.06638771186441,36.0593398883858,2.7457828557910586,drift,2,64,full_sparse
35.59184510842648,30.015333333333334,30.944003353627096,1.7146199579540613,rolling_mean_15,2,64,full_sparse
42.708232798010286,32.22924418604649,38.20954696978267,1.8410891759046557,train_mean,2,64,full_sparse
17.832058675146776,13.322322301427736,13.226517657956382,0.7610350166911737,ridge,2,64,full_sparse
17.43939318697799,12.467548671018,13.197715513848957,0.7122062427456332,random_forest,2,64,full_sparse
18.063349636057026,12.780307784080506,13.81149481717429,0.7300725449896746,xgboost,2,64,full_sparse
27.444173334243462,16.775000000000002,19.61440928128812,0.9920038215652045,persistence,3,64,full_sparse
19.774393163887485,13.385625000000001,12.446355961066855,0.7915702625358415,seasonal_naive_15,3,64,full_sparse
49.088274562816586,37.71306902985074,45.7673220325386,2.230194253386843,drift,3,64,full_sparse
40.23211733318433,35.94708333333333,35.976460681630726,2.1257611946819392,rolling_mean_15,3,64,full_sparse
45.277572136973454,34.7218354283054,41.54253078102028,2.0533051228993777,train_mean,3,64,full_sparse
19.437257896568607,15.177595661811733,15.452023609648974,0.8975399641543194,ridge,3,64,full_sparse
18.856746729426618,14.715631369476622,14.605478404349132,0.8702213147699321,random_forest,3,64,full_sparse
19.378472185295237,15.056628837585448,14.476340445068253,0.8903864886303204,xgboost,3,64,full_sparse
28.961874076102188,17.11875,16.906050488337193,1.0359129358274277,persistence,4,64,full_sparse
20.824963985563095,14.774375,12.84110085826867,0.8940469474269648,seasonal_naive_15,4,64,full_sparse
85.29452673296218,73.56648750000001,46.77173905875883,4.45175471600653,drift,4,64,full_sparse
44.31296810942217,37.86383333333333,36.09990934176943,2.2912674552764516,rolling_mean_15,4,64,full_sparse
45.06292485010769,37.38413373544093,37.10307634345872,2.262239224899353,train_mean,4,64,full_sparse
20.22933201196616,15.737958085544062,14.001637109519349,0.952356589372761,ridge,4,64,full_sparse
17.690934272273836,13.238640497108488,11.25843716412748,0.8011145056574535,random_forest,4,64,full_sparse
18.099448810533985,13.56750554561615,11.527081528096279,0.821015231930727,xgboost,4,64,full_sparse
34.07959066655584,18.05375,17.792677489528657,1.104010286603337,persistence,5,64,full_sparse
33.628890852955585,21.90375,19.102574989344216,1.3394427925050385,seasonal_naive_15,5,64,full_sparse
50.201725029046585,43.35623493975905,30.86743804544372,2.6512901398260746,drift,5,64,full_sparse
45.50954762830908,37.47149999999999,30.304286638719912,2.2914309467261336,rolling_mean_15,5,64,full_sparse
48.33474695463891,41.493157894736854,30.728386693664273,2.537360556086461,train_mean,5,64,full_sparse
27.852140130905717,19.893948716906095,16.2891699386748,1.2165408308314662,ridge,5,64,full_sparse
27.834871336486604,18.879772798567327,15.495361976875174,1.1545226547588285,random_forest,5,64,full_sparse
28.814791970756406,19.866579723358154,16.26588247821838,1.2148671812899081,xgboost,5,64,full_sparse
33.72258071381845,19.95125,20.562722567637344,1.1840196084538335,persistence,6,64,full_sparse
21.873549094739978,14.506250000000001,13.018618779103686,0.8608826236518223,seasonal_naive_15,6,64,full_sparse
94.34107526378423,81.18098214285715,83.70394282021815,4.817736968394629,drift,6,64,full_sparse
47.87110466891507,41.40858333333334,39.42956755167898,2.45741868930324,rolling_mean_15,6,64,full_sparse
48.13438552532053,41.50431841563786,39.458324496015884,2.463100148593535,train_mean,6,64,full_sparse
22.34952350097913,17.91128098691172,16.20161866611713,1.0629563511574365,ridge,6,64,full_sparse
15.253885157404447,11.846172515151725,11.209717529123072,0.7030186350763239,random_forest,6,64,full_sparse
15.54643368378901,12.656881597042084,12.008315659291757,0.7511306806729552,xgboost,6,64,full_sparse
33.148604372295765,18.579154929577467,18.32407390493533,1.1153560035762369,persistence,7,71,full_sparse
33.097070377990164,23.68563380281691,20.73956702781955,1.421911489549159,seasonal_naive_15,7,71,full_sparse
86.12713957706163,73.11643192488262,43.67546593928232,4.389373554211796,drift,7,71,full_sparse
47.171871282051036,40.83365258215963,34.94402725276525,2.451352589936868,rolling_mean_15,7,71,full_sparse
48.21354884308736,42.304511660124696,36.50192846393064,2.5396521659531737,train_mean,7,71,full_sparse
27.071721733942677,20.366516094746817,17.20857631954622,1.2226560402941067,ridge,7,71,full_sparse
22.94389496448457,16.321479249372683,13.940217288443272,0.979821737696592,random_forest,7,71,full_sparse
23.583807123119982,16.785865467769998,13.816656348201265,1.0077000754697993,xgboost,7,71,full_sparse
22.217004748615416,13.846250000000001,11.769277074468782,0.8026087824796384,persistence,0,64,full_dense
22.55274983233752,15.558125,12.227333355157661,0.9018389646233474,seasonal_naive_15,0,64,full_dense
35.162209183314445,30.005377906976747,21.618948255504613,1.7392853537788244,drift,0,64,full_dense
34.05211618322062,27.745208333333327,20.848923657743878,1.608272844998507,rolling_mean_15,0,64,full_dense
33.41321644128743,26.89336594202898,20.80747525478881,1.5588951301262979,train_mean,0,64,full_dense
21.03822919088491,15.783487391470915,11.380424928253376,0.9149022730740233,ridge,0,64,full_dense
17.21606255086271,12.151999297510564,8.471189497515997,0.7044002066168367,random_forest,0,64,full_dense
18.476873620371236,13.486203851699829,9.13422372484628,0.7817384240270838,xgboost,0,64,full_dense
15.12414294258726,11.568319972476148,8.473547440319107,0.6705667750072377,cnn,0,64,full_dense
14.445417841909483,11.170254868625085,8.492581890798743,0.6474926178636405,lstm,0,64,full_dense
13.9470122714812,10.424563423883725,8.046398585133849,0.6042680261821856,gru,0,64,full_dense
15.042148943547643,11.20135950329949,8.610400552972553,0.6492956225013943,rnn,0,64,full_dense
33.743654218237836,18.15,21.43764349610528,1.0691261923247874,persistence,1,64,full_dense
36.7334125830966,20.762500000000003,23.10690702658165,1.2230155684927495,seasonal_naive_15,1,64,full_dense
77.89357712707064,64.08457107843137,73.06035938746707,3.7749032211487896,drift,1,64,full_dense
44.94696735783925,37.3065,39.00680446343849,2.197540291678495,rolling_mean_15,1,64,full_dense
49.51616836311511,40.519333740831286,45.295011911211816,2.3867923414805645,train_mean,1,64,full_dense
24.545689947507533,16.67907497026772,17.710876977268203,0.9824813176012119,ridge,1,64,full_dense
27.15720125829468,17.190221187295123,20.788005459653025,1.012590397972106,random_forest,1,64,full_dense
27.697554998509617,18.333523993492125,21.11730636091957,1.079936677634015,xgboost,1,64,full_dense
26.983040221684192,18.1799890129394,20.60830989700575,1.0708926958628306,cnn,1,64,full_dense
27.77098150372044,19.456083595690608,22.130963558233958,1.1460610783588683,lstm,1,64,full_dense
26.862904129126694,18.624047850475048,20.844260844913393,1.097049992509809,gru,1,64,full_dense
27.91191785186303,17.91020260532096,20.79027638582512,1.0550009209472335,rnn,1,64,full_dense
25.596458739442845,15.056249999999999,16.473577587928816,0.8600852922488228,persistence,2,64,full_dense
21.245667793693848,12.65,12.528558745496499,0.7226287386930749,seasonal_naive_15,2,64,full_dense
54.639957218982815,48.06638771186441,36.0593398883858,2.7457828557910586,drift,2,64,full_dense
35.59184510842648,30.015333333333334,30.944003353627096,1.7146199579540613,rolling_mean_15,2,64,full_dense
42.708232798010286,32.22924418604649,38.20954696978267,1.8410891759046557,train_mean,2,64,full_dense
15.78402677115146,12.058676155260809,12.263413534064135,0.6888494814533104,ridge,2,64,full_dense
21.49431959952574,14.823123104398384,17.58597326213387,0.8467679646184649,random_forest,2,64,full_dense
21.074497630847137,13.91009641170502,16.187845439617472,0.7946114960545032,xgboost,2,64,full_dense
19.46010701573125,12.824424858414723,15.163585564099758,0.7325927241027942,cnn,2,64,full_dense
20.22782235541672,13.183375589449591,15.220646477587174,0.7530977133534412,lstm,2,64,full_dense
18.693362601270746,11.814375370146813,13.129708363092712,0.6748938476028238,gru,2,64,full_dense
16.274862183176243,11.047594719649217,11.570774793081794,0.6310916551661967,rnn,2,64,full_dense
27.444173334243462,16.775000000000002,19.61440928128812,0.9920038215652045,persistence,3,64,full_dense
19.774393163887485,13.385625000000001,12.446355961066855,0.7915702625358415,seasonal_naive_15,3,64,full_dense
49.088274562816586,37.71306902985074,45.7673220325386,2.230194253386843,drift,3,64,full_dense
40.23211733318433,35.94708333333333,35.976460681630726,2.1257611946819392,rolling_mean_15,3,64,full_dense
45.277572136973454,34.7218354283054,41.54253078102028,2.0533051228993777,train_mean,3,64,full_dense
18.5932142912451,14.687700022000225,14.704389288068887,0.8685695708988114,ridge,3,64,full_dense
17.587580349828567,13.72704680392198,13.554656846127951,0.811760529853653,random_forest,3,64,full_dense
19.473027453733202,14.733254566192628,14.697092242115547,0.8712634774221213,xgboost,3,64,full_dense
17.866356532225836,13.510734402686445,14.419023670958955,0.798968712942917,cnn,3,64,full_dense
16.03108073256559,12.264241609883229,13.09592616593131,0.7252563067423641,lstm,3,64,full_dense
16.1043497194216,12.62274065463967,12.894715584979805,0.7464564511492712,gru,3,64,full_dense
17.14514327874432,13.307789407316616,14.254257386902779,0.7869673888907917,rnn,3,64,full_dense
28.961874076102188,17.11875,16.906050488337193,1.0359129358274277,persistence,4,64,full_dense
20.824963985563095,14.774375,12.84110085826867,0.8940469474269648,seasonal_naive_15,4,64,full_dense
85.29452673296218,73.56648750000001,46.77173905875883,4.45175471600653,drift,4,64,full_dense
44.31296810942217,37.86383333333333,36.09990934176943,2.2912674552764516,rolling_mean_15,4,64,full_dense
45.06292485010769,37.38413373544093,37.10307634345872,2.262239224899353,train_mean,4,64,full_dense
18.65684004487966,14.059388236511552,12.645807099202516,0.8507807020969571,ridge,4,64,full_dense
16.74838456707968,11.56835413276872,9.606883480512952,0.7000398798024273,random_forest,4,64,full_dense
16.938535247502323,12.105493092536927,10.067194304017715,0.7325439584741045,xgboost,4,64,full_dense
17.305335133956827,12.834784616600729,11.670010600497054,0.7766758328087955,cnn,4,64,full_dense
16.0709903993025,12.577036274375017,11.163730811779637,0.7610786167796059,lstm,4,64,full_dense
15.729649198349701,12.219941330128654,10.93592766447569,0.7394696049029571,gru,4,64,full_dense
16.53442334148153,12.386371897648154,11.002981930994949,0.7495408763340224,rnn,4,64,full_dense
34.07959066655584,18.05375,17.792677489528657,1.104010286603337,persistence,5,64,full_dense
33.628890852955585,21.90375,19.102574989344216,1.3394427925050385,seasonal_naive_15,5,64,full_dense
50.201725029046585,43.35623493975905,30.86743804544372,2.6512901398260746,drift,5,64,full_dense
45.50954762830908,37.47149999999999,30.304286638719912,2.2914309467261336,rolling_mean_15,5,64,full_dense
48.33474695463891,41.493157894736854,30.728386693664273,2.537360556086461,train_mean,5,64,full_dense
26.23792986722151,17.651015926258292,14.715637147965449,1.079382574345412,ridge,5,64,full_dense
26.588426403060048,16.754375825823782,14.25745276046361,1.0245518663617106,random_forest,5,64,full_dense
25.645254924041335,16.60947136878967,14.51548951252265,1.0156907704043427,xgboost,5,64,full_dense
24.775351043902763,14.190356253172613,12.577442184439198,0.8677587356681327,cnn,5,64,full_dense
25.05892030819554,15.240647219142723,14.268716230618194,0.9319853938614474,lstm,5,64,full_dense
25.36156434667707,15.202923235241414,14.439440654993337,0.9296785231958681,gru,5,64,full_dense
26.957621873822397,16.296267622181546,15.54998818826459,0.9965379540610304,rnn,5,64,full_dense
33.72258071381845,19.95125,20.562722567637344,1.1840196084538335,persistence,6,64,full_dense
21.873549094739978,14.506250000000001,13.018618779103686,0.8608826236518223,seasonal_naive_15,6,64,full_dense
94.34107526378423,81.18098214285715,83.70394282021815,4.817736968394629,drift,6,64,full_dense
47.87110466891507,41.40858333333334,39.42956755167898,2.45741868930324,rolling_mean_15,6,64,full_dense
48.13438552532053,41.50431841563786,39.458324496015884,2.463100148593535,train_mean,6,64,full_dense
19.713506274632714,14.305114974246965,13.332141609997544,0.8489461377455026,ridge,6,64,full_dense
15.553386148196271,11.074430462893107,10.721663223956645,0.6572191126131897,random_forest,6,64,full_dense
16.64934290716146,12.219891526699067,11.59170529752387,0.7251972272810248,xgboost,6,64,full_dense
20.12342845530289,14.66299306585325,14.348209415541795,0.8701846404908383,cnn,6,64,full_dense
20.317007654020756,13.477362810222935,13.756134563189814,0.7998226596103208,lstm,6,64,full_dense
20.135646197472678,13.631933700888236,13.781564147097836,0.8089957673325884,gru,6,64,full_dense
19.753725939335766,13.90435221326233,13.71848556626514,0.8251626170466038,rnn,6,64,full_dense
33.148604372295765,18.579154929577467,18.32407390493533,1.1153560035762369,persistence,7,71,full_dense
33.097070377990164,23.68563380281691,20.73956702781955,1.421911489549159,seasonal_naive_15,7,71,full_dense
86.12713957706163,73.11643192488262,43.67546593928232,4.389373554211796,drift,7,71,full_dense
47.171871282051036,40.83365258215963,34.94402725276525,2.451352589936868,rolling_mean_15,7,71,full_dense
48.21354884308736,42.304511660124696,36.50192846393064,2.5396521659531737,train_mean,7,71,full_dense
23.519247548371602,17.09622520669964,14.546678437780969,1.0263317946946844,ridge,7,71,full_dense
21.887536053984043,15.094767705721852,12.939347151272978,0.906178986449114,random_forest,7,71,full_dense
20.22915472298765,14.280307253985336,11.797101959876834,0.8572847628978819,xgboost,7,71,full_dense
19.643973094504027,14.480064586084733,12.770576388354208,0.8692767259586314,cnn,7,71,full_dense
22.419120070604315,16.274163928763244,14.659240794023445,0.976981273364231,lstm,7,71,full_dense
22.177234329691746,15.984470346170156,14.154913248633108,0.9595901983789891,gru,7,71,full_dense
22.115771287755432,15.857050301270116,14.647117827846534,0.9519408347457183,rnn,7,71,full_dense
22.217004748615416,13.846250000000001,11.769277074468782,0.8026087824796384,persistence,0,64,full_dense_covariates
22.55274983233752,15.558125,12.227333355157661,0.9018389646233474,seasonal_naive_15,0,64,full_dense_covariates
35.162209183314445,30.005377906976747,21.618948255504613,1.7392853537788244,drift,0,64,full_dense_covariates
34.05211618322062,27.745208333333327,20.848923657743878,1.608272844998507,rolling_mean_15,0,64,full_dense_covariates
33.41321644128743,26.89336594202898,20.80747525478881,1.5588951301262979,train_mean,0,64,full_dense_covariates
22.116773658336626,16.954803552871816,12.19056810979672,0.9827985365533553,ridge,0,64,full_dense_covariates
19.493117312613105,12.933796328849441,8.913854526480513,0.7497176870515458,random_forest,0,64,full_dense_covariates
19.30179962155743,13.40995651245117,9.230659833904554,0.7773186869775811,xgboost,0,64,full_dense_covariates
15.12414294258726,11.568319972476148,8.473547440319107,0.6705667750072377,cnn,0,64,full_dense_covariates
14.445417841909483,11.170254868625085,8.492581890798743,0.6474926178636405,lstm,0,64,full_dense_covariates
13.9470122714812,10.424563423883725,8.046398585133849,0.6042680261821856,gru,0,64,full_dense_covariates
15.042148943547643,11.20135950329949,8.610400552972553,0.6492956225013943,rnn,0,64,full_dense_covariates
20.237468628379162,14.05124726765824,9.845250475045672,0.8144916104949373,cnn_cov,0,64,full_dense_covariates
17.52291721742448,12.191646883540528,8.789962518135289,0.7066984101558286,lstm_cov,0,64,full_dense_covariates
16.75139478530053,11.722236103316861,8.41748835778266,0.6794886447104456,gru_cov,0,64,full_dense_covariates
21.358392674573217,16.095137735756374,11.361564816285652,0.9329673306445794,rnn_cov,0,64,full_dense_covariates
33.743654218237836,18.15,21.43764349610528,1.0691261923247874,persistence,1,64,full_dense_covariates
36.7334125830966,20.762500000000003,23.10690702658165,1.2230155684927495,seasonal_naive_15,1,64,full_dense_covariates
77.89357712707064,64.08457107843137,73.06035938746707,3.7749032211487896,drift,1,64,full_dense_covariates
44.94696735783925,37.3065,39.00680446343849,2.197540291678495,rolling_mean_15,1,64,full_dense_covariates
49.51616836311511,40.519333740831286,45.295011911211816,2.3867923414805645,train_mean,1,64,full_dense_covariates
41.680455506474054,34.196445778508114,34.49956878783983,2.0143424719679026,ridge,1,64,full_dense_covariates
26.104999008659323,17.508713106018806,20.468182720781204,1.0313511722063355,random_forest,1,64,full_dense_covariates
26.120560610391497,17.131220529079435,19.602157270845932,1.0091149627620346,xgboost,1,64,full_dense_covariates
26.983040221684192,18.1799890129394,20.60830989700575,1.0708926958628306,cnn,1,64,full_dense_covariates
27.77098150372044,19.456083595690608,22.130963558233958,1.1460610783588683,lstm,1,64,full_dense_covariates
26.862904129126694,18.624047850475048,20.844260844913393,1.097049992509809,gru,1,64,full_dense_covariates
27.91191785186303,17.91020260532096,20.79027638582512,1.0550009209472335,rnn,1,64,full_dense_covariates
44.2636956480539,34.315172227424284,38.73512137173424,2.021336056334734,cnn_cov,1,64,full_dense_covariates
30.525906060480004,21.410637829364248,24.804622174576913,1.261194143126901,lstm_cov,1,64,full_dense_covariates
32.05327465645963,23.413936584808894,26.253027847239057,1.3791985051377837,gru_cov,1,64,full_dense_covariates
26.928804198599362,18.708609753234537,19.20619191823762,1.1020311134526735,rnn_cov,1,64,full_dense_covariates
25.596458739442845,15.056249999999999,16.473577587928816,0.8600852922488228,persistence,2,64,full_dense_covariates
21.245667793693848,12.65,12.528558745496499,0.7226287386930749,seasonal_naive_15,2,64,full_dense_covariates
54.639957218982815,48.06638771186441,36.0593398883858,2.7457828557910586,drift,2,64,full_dense_covariates
35.59184510842648,30.015333333333334,30.944003353627096,1.7146199579540613,rolling_mean_15,2,64,full_dense_covariates
42.708232798010286,32.22924418604649,38.20954696978267,1.8410891759046557,train_mean,2,64,full_dense_covariates
21.528661370052088,15.375919744181628,16.47962170951121,0.8783463629236298,ridge,2,64,full_dense_covariates
19.7601974366117,13.79997527630572,16.31607599761018,0.7883208480563177,random_forest,2,64,full_dense_covariates
18.640110417351064,12.420316915512087,14.223163256581579,0.709508138088914,xgboost,2,64,full_dense_covariates
19.46010701573125,12.824424858414723,15.163585564099758,0.7325927241027942,cnn,2,64,full_dense_covariates
20.22782235541672,13.183375589449591,15.220646477587174,0.7530977133534412,lstm,2,64,full_dense_covariates
18.693362601270746,11.814375370146813,13.129708363092712,0.6748938476028238,gru,2,64,full_dense_covariates
16.274862183176243,11.047594719649217,11.570774793081794,0.6310916551661967,rnn,2,64,full_dense_covariates
23.567070125587296,16.985412980010896,17.11575034242443,0.9702883445000993,cnn_cov,2,64,full_dense_covariates
21.390220860812764,15.567462622767975,15.551231168234828,0.8892882118373446,lstm_cov,2,64,full_dense_covariates
19.58021705173931,13.283921637127527,13.02937981508056,0.758841386366412,gru_cov,2,64,full_dense_covariates
18.354474935627042,14.0139424146165,13.74366469410624,0.8005436783550756,rnn_cov,2,64,full_dense_covariates
27.444173334243462,16.775000000000002,19.61440928128812,0.9920038215652045,persistence,3,64,full_dense_covariates
19.774393163887485,13.385625000000001,12.446355961066855,0.7915702625358415,seasonal_naive_15,3,64,full_dense_covariates
49.088274562816586,37.71306902985074,45.7673220325386,2.230194253386843,drift,3,64,full_dense_covariates
40.23211733318433,35.94708333333333,35.976460681630726,2.1257611946819392,rolling_mean_15,3,64,full_dense_covariates
45.277572136973454,34.7218354283054,41.54253078102028,2.0533051228993777,train_mean,3,64,full_dense_covariates
22.97364019109908,16.1491938959119,15.733868795340566,0.9549962479846246,ridge,3,64,full_dense_covariates
17.572819682109508,13.520383186256424,13.16768534293607,0.7995393019250258,random_forest,3,64,full_dense_covariates
20.0978386230594,15.331675662994384,15.446311297110993,0.906651615421083,xgboost,3,64,full_dense_covariates
17.866356532225836,13.510734402686445,14.419023670958955,0.798968712942917,cnn,3,64,full_dense_covariates
16.03108073256559,12.264241609883229,13.09592616593131,0.7252563067423641,lstm,3,64,full_dense_covariates
16.1043497194216,12.62274065463967,12.894715584979805,0.7464564511492712,gru,3,64,full_dense_covariates
17.14514327874432,13.307789407316616,14.254257386902779,0.7869673888907917,rnn,3,64,full_dense_covariates
23.50531904817326,20.0553354125244,20.676061329664822,1.1859892323097574,cnn_cov,3,64,full_dense_covariates
17.99265503497463,14.709503337358397,15.734767372103583,0.8698589284045102,lstm_cov,3,64,full_dense_covariates
18.200969158146325,14.092222432020897,15.292703030176668,0.8333554996668631,gru_cov,3,64,full_dense_covariates
19.1999464563634,15.122090682811578,15.544342815467832,0.8942576302476696,rnn_cov,3,64,full_dense_covariates
28.961874076102188,17.11875,16.906050488337193,1.0359129358274277,persistence,4,64,full_dense_covariates
20.824963985563095,14.774375,12.84110085826867,0.8940469474269648,seasonal_naive_15,4,64,full_dense_covariates
85.29452673296218,73.56648750000001,46.77173905875883,4.45175471600653,drift,4,64,full_dense_covariates
44.31296810942217,37.86383333333333,36.09990934176943,2.2912674552764516,rolling_mean_15,4,64,full_dense_covariates
45.06292485010769,37.38413373544093,37.10307634345872,2.262239224899353,train_mean,4,64,full_dense_covariates
21.12174872501428,15.616192585797533,14.101153169998945,0.944988150887187,ridge,4,64,full_dense_covariates
18.81860538269269,12.773365639112225,10.301113327528173,0.7729591646358486,random_forest,4,64,full_dense_covariates
19.06035845068201,13.252701458930968,10.795647796205051,0.8019653815825113,xgboost,4,64,full_dense_covariates
17.305335133956827,12.834784616600729,11.670010600497054,0.7766758328087955,cnn,4,64,full_dense_covariates
16.0709903993025,12.577036274375017,11.163730811779637,0.7610786167796059,lstm,4,64,full_dense_covariates
15.729649198349701,12.219941330128654,10.93592766447569,0.7394696049029571,gru,4,64,full_dense_covariates
16.53442334148153,12.386371897648154,11.002981930994949,0.7495408763340224,rnn,4,64,full_dense_covariates
20.715253845698125,15.533180450075974,12.613814998794586,0.9399648083402941,cnn_cov,4,64,full_dense_covariates
15.979108036321383,12.462972256871598,11.111541437386643,0.7541762207960068,lstm_cov,4,64,full_dense_covariates
17.833250177332406,14.020624631499505,12.081444945553152,0.8484349864418255,gru_cov,4,64,full_dense_covariates
17.258549652045986,13.743495831567204,12.287638419718174,0.8316649939633909,rnn_cov,4,64,full_dense_covariates
34.07959066655584,18.05375,17.792677489528657,1.104010286603337,persistence,5,64,full_dense_covariates
33.628890852955585,21.90375,19.102574989344216,1.3394427925050385,seasonal_naive_15,5,64,full_dense_covariates
50.201725029046585,43.35623493975905,30.86743804544372,2.6512901398260746,drift,5,64,full_dense_covariates
45.50954762830908,37.47149999999999,30.304286638719912,2.2914309467261336,rolling_mean_15,5,64,full_dense_covariates
48.33474695463891,41.493157894736854,30.728386693664273,2.537360556086461,train_mean,5,64,full_dense_covariates
30.525505891156907,20.114334426591427,16.54752230091674,1.230017703531763,ridge,5,64,full_dense_covariates
27.044673009755993,17.612314508287177,14.472033083609526,1.0770159323155708,random_forest,5,64,full_dense_covariates
26.680411944580282,17.94288652420044,14.582045312581348,1.09723084090971,xgboost,5,64,full_dense_covariates
24.775351043902763,14.190356253172613,12.577442184439198,0.8677587356681327,cnn,5,64,full_dense_covariates
25.05892030819554,15.240647219142723,14.268716230618194,0.9319853938614474,lstm,5,64,full_dense_covariates
25.36156434667707,15.202923235241414,14.439440654993337,0.9296785231958681,gru,5,64,full_dense_covariates
26.957621873822397,16.296267622181546,15.54998818826459,0.9965379540610304,rnn,5,64,full_dense_covariates
33.748054565119716,21.211656683994082,15.254976715923377,1.297120386347872,cnn_cov,5,64,full_dense_covariates
29.30917377736274,19.07960630494568,14.005355315914084,1.1667427335042257,lstm_cov,5,64,full_dense_covariates
28.63753069409525,20.05778980179474,14.9310992418459,1.2265599262041902,gru_cov,5,64,full_dense_covariates
24.31577215257024,15.729064561412937,13.100599960041425,0.9618527493982073,rnn_cov,5,64,full_dense_covariates
33.72258071381845,19.95125,20.562722567637344,1.1840196084538335,persistence,6,64,full_dense_covariates
21.873549094739978,14.506250000000001,13.018618779103686,0.8608826236518223,seasonal_naive_15,6,64,full_dense_covariates
94.34107526378423,81.18098214285715,83.70394282021815,4.817736968394629,drift,6,64,full_dense_covariates
47.87110466891507,41.40858333333334,39.42956755167898,2.45741868930324,rolling_mean_15,6,64,full_dense_covariates
48.13438552532053,41.50431841563786,39.458324496015884,2.463100148593535,train_mean,6,64,full_dense_covariates
21.456966126067766,15.719390888843165,14.416058819585874,0.9328772405408603,ridge,6,64,full_dense_covariates
16.392007126967524,11.76928875622815,10.996322061768529,0.6984559195503719,random_forest,6,64,full_dense_covariates
15.997964659132313,11.567798235416413,11.079568148615405,0.6864983365639088,xgboost,6,64,full_dense_covariates
20.12342845530289,14.66299306585325,14.348209415541795,0.8701846404908383,cnn,6,64,full_dense_covariates
20.317007654020756,13.477362810222935,13.756134563189814,0.7998226596103208,lstm,6,64,full_dense_covariates
20.135646197472678,13.631933700888236,13.781564147097836,0.8089957673325884,gru,6,64,full_dense_covariates
19.753725939335766,13.90435221326233,13.71848556626514,0.8251626170466038,rnn,6,64,full_dense_covariates
20.365774998354674,14.641819040723455,12.308399701032943,0.8689280545153445,cnn_cov,6,64,full_dense_covariates
23.462514561747923,17.404991119831735,14.746371110377948,1.032910257294436,lstm_cov,6,64,full_dense_covariates
20.315751155156825,14.696266007861755,12.387950415622146,0.8721592443762599,gru_cov,6,64,full_dense_covariates
21.224622455998997,15.620141416579868,13.712810482341458,0.9269872175453869,rnn_cov,6,64,full_dense_covariates
33.148604372295765,18.579154929577467,18.32407390493533,1.1153560035762369,persistence,7,71,full_dense_covariates
33.097070377990164,23.68563380281691,20.73956702781955,1.421911489549159,seasonal_naive_15,7,71,full_dense_covariates
86.12713957706163,73.11643192488262,43.67546593928232,4.389373554211796,drift,7,71,full_dense_covariates
47.171871282051036,40.83365258215963,34.94402725276525,2.451352589936868,rolling_mean_15,7,71,full_dense_covariates
48.21354884308736,42.304511660124696,36.50192846393064,2.5396521659531737,train_mean,7,71,full_dense_covariates
23.25571565456703,17.150405475542957,14.729619899737061,1.029584380097994,ridge,7,71,full_dense_covariates
22.26304842357293,15.297676481312843,12.861619342449456,0.9183601390306788,random_forest,7,71,full_dense_covariates
22.03924767561423,15.099697852336185,12.774171789489538,0.9064749562413704,xgboost,7,71,full_dense_covariates
19.643973094504027,14.480064586084733,12.770576388354208,0.8692767259586314,cnn,7,71,full_dense_covariates
22.419120070604315,16.274163928763244,14.659240794023445,0.976981273364231,lstm,7,71,full_dense_covariates
22.177234329691746,15.984470346170156,14.154913248633108,0.9595901983789891,gru,7,71,full_dense_covariates
22.115771287755432,15.857050301270116,14.647117827846534,0.9519408347457183,rnn,7,71,full_dense_covariates
23.11415255374475,16.47507642283804,13.074075914569857,0.9890425838656606,cnn_cov,7,71,full_dense_covariates
23.293756115449153,15.91117331101142,12.943729305524906,0.9551899827330941,lstm_cov,7,71,full_dense_covariates
20.3633101856343,14.26072285005692,11.331271971509945,0.8561090591276719,gru_cov,7,71,full_dense_covariates
22.154155761991284,15.051307539231633,12.169618577054639,0.9035699572551047,rnn_cov,7,71,full_dense_covariates
22.217004748615416,13.846250000000001,11.769277074468782,0.8026087824796384,persistence,0,64,dense_no_context
22.55274983233752,15.558125,12.227333355157661,0.9018389646233474,seasonal_naive_15,0,64,dense_no_context
35.162209183314445,30.005377906976747,21.618948255504613,1.7392853537788244,drift,0,64,dense_no_context
34.05211618322062,27.745208333333327,20.848923657743878,1.608272844998507,rolling_mean_15,0,64,dense_no_context
33.41321644128743,26.89336594202898,20.80747525478881,1.5588951301262979,train_mean,0,64,dense_no_context
20.289614006500962,15.438220138046043,11.260877334986697,0.8948885848984216,ridge,0,64,dense_no_context
17.38550399567963,12.258038929665151,8.560264182459608,0.7105468773802694,random_forest,0,64,dense_no_context
18.033407299332907,13.107413640022278,8.94754680745365,0.7597815511835541,xgboost,0,64,dense_no_context
15.12414294258726,11.568319972476148,8.473547440319107,0.6705667750072377,cnn,0,64,dense_no_context
14.445417841909483,11.170254868625085,8.492581890798743,0.6474926178636405,lstm,0,64,dense_no_context
13.9470122714812,10.424563423883725,8.046398585133849,0.6042680261821856,gru,0,64,dense_no_context
15.042148943547643,11.20135950329949,8.610400552972553,0.6492956225013943,rnn,0,64,dense_no_context
33.743654218237836,18.15,21.43764349610528,1.0691261923247874,persistence,1,64,dense_no_context
36.7334125830966,20.762500000000003,23.10690702658165,1.2230155684927495,seasonal_naive_15,1,64,dense_no_context
77.89357712707064,64.08457107843137,73.06035938746707,3.7749032211487896,drift,1,64,dense_no_context
44.94696735783925,37.3065,39.00680446343849,2.197540291678495,rolling_mean_15,1,64,dense_no_context
49.51616836311511,40.519333740831286,45.295011911211816,2.3867923414805645,train_mean,1,64,dense_no_context
24.311493692718578,17.152705444324997,18.423813503205544,1.010380532218173,ridge,1,64,dense_no_context
27.029876727387776,17.02130935558737,20.63572917713242,1.002640642408893,random_forest,1,64,dense_no_context
27.789842350764584,18.19570333480835,20.899507035972608,1.071818348375487,xgboost,1,64,dense_no_context
26.983040221684192,18.1799890129394,20.60830989700575,1.0708926958628306,cnn,1,64,dense_no_context
27.77098150372044,19.456083595690608,22.130963558233958,1.1460610783588683,lstm,1,64,dense_no_context
26.862904129126694,18.624047850475048,20.844260844913393,1.097049992509809,gru,1,64,dense_no_context
27.91191785186303,17.91020260532096,20.79027638582512,1.0550009209472335,rnn,1,64,dense_no_context
25.596458739442845,15.056249999999999,16.473577587928816,0.8600852922488228,persistence,2,64,dense_no_context
21.245667793693848,12.65,12.528558745496499,0.7226287386930749,seasonal_naive_15,2,64,dense_no_context
54.639957218982815,48.06638771186441,36.0593398883858,2.7457828557910586,drift,2,64,dense_no_context
35.59184510842648,30.015333333333334,30.944003353627096,1.7146199579540613,rolling_mean_15,2,64,dense_no_context
42.708232798010286,32.22924418604649,38.20954696978267,1.8410891759046557,train_mean,2,64,dense_no_context
15.596245565622624,11.901001597895252,12.032431134936921,0.6798423536657165,ridge,2,64,dense_no_context
21.6632078345208,14.926249856126159,17.774872725612745,0.8526590598379554,random_forest,2,64,dense_no_context
20.229974657375035,13.08718882083893,15.354020769859645,0.7476030632917744,xgboost,2,64,dense_no_context
19.46010701573125,12.824424858414723,15.163585564099758,0.7325927241027942,cnn,2,64,dense_no_context
20.22782235541672,13.183375589449591,15.220646477587174,0.7530977133534412,lstm,2,64,dense_no_context
18.693362601270746,11.814375370146813,13.129708363092712,0.6748938476028238,gru,2,64,dense_no_context
16.274862183176243,11.047594719649217,11.570774793081794,0.6310916551661967,rnn,2,64,dense_no_context
27.444173334243462,16.775000000000002,19.61440928128812,0.9920038215652045,persistence,3,64,dense_no_context
19.774393163887485,13.385625000000001,12.446355961066855,0.7915702625358415,seasonal_naive_15,3,64,dense_no_context
49.088274562816586,37.71306902985074,45.7673220325386,2.230194253386843,drift,3,64,dense_no_context
40.23211733318433,35.94708333333333,35.976460681630726,2.1257611946819392,rolling_mean_15,3,64,dense_no_context
45.277572136973454,34.7218354283054,41.54253078102028,2.0533051228993777,train_mean,3,64,dense_no_context
18.392190689406206,14.174653149952764,14.048271650716119,0.8382301099323043,ridge,3,64,dense_no_context
17.48295098630741,13.732524990973697,13.464919470827397,0.8120844870811077,random_forest,3,64,dense_no_context
19.198596618125688,14.32446794271469,13.95525864479407,0.8470895344894924,xgboost,3,64,dense_no_context
17.866356532225836,13.510734402686445,14.419023670958955,0.798968712942917,cnn,3,64,dense_no_context
16.03108073256559,12.264241609883229,13.09592616593131,0.7252563067423641,lstm,3,64,dense_no_context
16.1043497194216,12.62274065463967,12.894715584979805,0.7464564511492712,gru,3,64,dense_no_context
17.14514327874432,13.307789407316616,14.254257386902779,0.7869673888907917,rnn,3,64,dense_no_context
28.961874076102188,17.11875,16.906050488337193,1.0359129358274277,persistence,4,64,dense_no_context
20.824963985563095,14.774375,12.84110085826867,0.8940469474269648,seasonal_naive_15,4,64,dense_no_context
85.29452673296218,73.56648750000001,46.77173905875883,4.45175471600653,drift,4,64,dense_no_context
44.31296810942217,37.86383333333333,36.09990934176943,2.2912674552764516,rolling_mean_15,4,64,dense_no_context
45.06292485010769,37.38413373544093,37.10307634345872,2.262239224899353,train_mean,4,64,dense_no_context
18.517052965728347,13.925262310412073,12.295742651866279,0.842664292786915,ridge,4,64,dense_no_context
16.76813257024277,11.670455964751481,9.696573103463676,0.7062184038490207,random_forest,4,64,dense_no_context
17.335693083594904,12.153791165351867,10.32332951927875,0.7354666367306671,xgboost,4,64,dense_no_context
17.305335133956827,12.834784616600729,11.670010600497054,0.7766758328087955,cnn,4,64,dense_no_context
16.0709903993025,12.577036274375017,11.163730811779637,0.7610786167796059,lstm,4,64,dense_no_context
15.729649198349701,12.219941330128654,10.93592766447569,0.7394696049029571,gru,4,64,dense_no_context
16.53442334148153,12.386371897648154,11.002981930994949,0.7495408763340224,rnn,4,64,dense_no_context
34.07959066655584,18.05375,17.792677489528657,1.104010286603337,persistence,5,64,dense_no_context
33.628890852955585,21.90375,19.102574989344216,1.3394427925050385,seasonal_naive_15,5,64,dense_no_context
50.201725029046585,43.35623493975905,30.86743804544372,2.6512901398260746,drift,5,64,dense_no_context
45.50954762830908,37.47149999999999,30.304286638719912,2.2914309467261336,rolling_mean_15,5,64,dense_no_context
48.33474695463891,41.493157894736854,30.728386693664273,2.537360556086461,train_mean,5,64,dense_no_context
26.251394145939482,17.665574352951,14.93924424593417,1.0802728410670355,ridge,5,64,dense_no_context
26.686848713944432,16.701447499988383,14.339730589700123,1.021315230417656,random_forest,5,64,dense_no_context
25.85688293679264,16.498221158981323,14.439965207345107,1.0088876754232339,xgboost,5,64,dense_no_context
24.775351043902763,14.190356253172613,12.577442184439198,0.8677587356681327,cnn,5,64,dense_no_context
25.05892030819554,15.240647219142723,14.268716230618194,0.9319853938614474,lstm,5,64,dense_no_context
25.36156434667707,15.202923235241414,14.439440654993337,0.9296785231958681,gru,5,64,dense_no_context
26.957621873822397,16.296267622181546,15.54998818826459,0.9965379540610304,rnn,5,64,dense_no_context
33.72258071381845,19.95125,20.562722567637344,1.1840196084538335,persistence,6,64,dense_no_context
21.873549094739978,14.506250000000001,13.018618779103686,0.8608826236518223,seasonal_naive_15,6,64,dense_no_context
94.34107526378423,81.18098214285715,83.70394282021815,4.817736968394629,drift,6,64,dense_no_context
47.87110466891507,41.40858333333334,39.42956755167898,2.45741868930324,rolling_mean_15,6,64,dense_no_context
48.13438552532053,41.50431841563786,39.458324496015884,2.463100148593535,train_mean,6,64,dense_no_context
19.74116050667493,14.326953687728006,13.309355272012086,0.8502421700735501,ridge,6,64,dense_no_context
15.649740536889805,11.148024097023178,10.732893103054678,0.6615865735926963,random_forest,6,64,dense_no_context
16.792993366913198,11.88867384195328,11.692612873857163,0.7055409033210878,xgboost,6,64,dense_no_context
20.12342845530289,14.66299306585325,14.348209415541795,0.8701846404908383,cnn,6,64,dense_no_context
20.317007654020756,13.477362810222935,13.756134563189814,0.7998226596103208,lstm,6,64,dense_no_context
20.135646197472678,13.631933700888236,13.781564147097836,0.8089957673325884,gru,6,64,dense_no_context
19.753725939335766,13.90435221326233,13.71848556626514,0.8251626170466038,rnn,6,64,dense_no_context
33.148604372295765,18.579154929577467,18.32407390493533,1.1153560035762369,persistence,7,71,dense_no_context
33.097070377990164,23.68563380281691,20.73956702781955,1.421911489549159,seasonal_naive_15,7,71,dense_no_context
86.12713957706163,73.11643192488262,43.67546593928232,4.389373554211796,drift,7,71,dense_no_context
47.171871282051036,40.83365258215963,34.94402725276525,2.451352589936868,rolling_mean_15,7,71,dense_no_context
48.21354884308736,42.304511660124696,36.50192846393064,2.5396521659531737,train_mean,7,71,dense_no_context
23.342907982643027,17.008585397980482,14.461190137429849,1.0210705442676498,ridge,7,71,dense_no_context
21.931302781036486,15.19288279103262,13.018251392424954,0.912069095544902,random_forest,7,71,dense_no_context
19.947123847995954,13.9195134230063,11.709107720452707,0.8356253512098343,xgboost,7,71,dense_no_context
19.643973094504027,14.480064586084733,12.770576388354208,0.8692767259586314,cnn,7,71,dense_no_context
22.419120070604315,16.274163928763244,14.659240794023445,0.976981273364231,lstm,7,71,dense_no_context
22.177234329691746,15.984470346170156,14.154913248633108,0.9595901983789891,gru,7,71,dense_no_context
22.115771287755432,15.857050301270116,14.647117827846534,0.9519408347457183,rnn,7,71,dense_no_context
