operator,model,horizon_hours,lead_hours,fold,tau,method,n,coverage,mean_allocation_ratio,natively_expressible
gp,chronos-bolt-small,1.5,1.43,0,0.8,zero_shot,66,0.9242424242424242,1.1116792622780243,True
gp,chronos-bolt-small,1.5,1.43,0,0.8,conformal,66,0.9090909090909091,1.1035899943753156,True
gp,chronos-bolt-small,1.5,1.43,0,0.9,zero_shot,66,0.9242424242424242,1.1582510355915787,True
gp,chronos-bolt-small,1.5,1.43,0,0.9,conformal,66,0.9242424242424242,1.1628371393083885,True
gp,chronos-bolt-small,1.5,1.43,0,0.95,zero_shot,66,0.9242424242424242,1.1582510355915787,False
gp,chronos-bolt-small,1.5,1.43,0,0.95,conformal,66,0.9696969696969697,1.2478632389041857,False
gp,chronos-bolt-small,1.5,1.43,1,0.8,zero_shot,66,0.8484848484848485,1.101070449095571,True
gp,chronos-bolt-small,1.5,1.43,1,0.8,conformal,66,0.803030303030303,1.0906484570070127,True
gp,chronos-bolt-small,1.5,1.43,1,0.9,zero_shot,66,0.8787878787878788,1.1478163411396296,True
gp,chronos-bolt-small,1.5,1.43,1,0.9,conformal,66,0.9090909090909091,1.1524183760434672,True
gp,chronos-bolt-small,1.5,1.43,1,0.95,zero_shot,66,0.8787878787878788,1.1478163411396296,False
gp,chronos-bolt-small,1.5,1.43,1,0.95,conformal,66,0.9848484848484849,1.2377398389320549,False
gp,chronos-bolt-small,1.5,1.43,2,0.8,zero_shot,66,0.8484848484848485,1.096617611727545,True
gp,chronos-bolt-small,1.5,1.43,2,0.8,conformal,66,0.7575757575757576,1.0654519165900322,True
gp,chronos-bolt-small,1.5,1.43,2,0.9,zero_shot,66,0.8939393939393939,1.1452682043255231,True
gp,chronos-bolt-small,1.5,1.43,2,0.9,conformal,66,0.8939393939393939,1.1488792311455205,True
gp,chronos-bolt-small,1.5,1.43,2,0.95,zero_shot,66,0.8939393939393939,1.1452682043255231,False
gp,chronos-bolt-small,1.5,1.43,2,0.95,conformal,66,0.9545454545454546,1.2068917374710573,False
gp,chronos-bolt-small,1.5,1.43,3,0.8,zero_shot,66,0.8636363636363636,1.1093758652457857,True
gp,chronos-bolt-small,1.5,1.43,3,0.8,conformal,66,0.8636363636363636,1.0835560754396303,True
gp,chronos-bolt-small,1.5,1.43,3,0.9,zero_shot,66,0.9242424242424242,1.156368905153926,True
gp,chronos-bolt-small,1.5,1.43,3,0.9,conformal,66,0.9545454545454546,1.1633384629603531,True
gp,chronos-bolt-small,1.5,1.43,3,0.95,zero_shot,66,0.9242424242424242,1.156368905153926,False
gp,chronos-bolt-small,1.5,1.43,3,0.95,conformal,66,0.9848484848484849,1.2212974981288474,False
gp,chronos-bolt-small,1.5,1.43,4,0.8,zero_shot,66,0.8636363636363636,1.0850090281572389,True
gp,chronos-bolt-small,1.5,1.43,4,0.8,conformal,66,0.7424242424242424,1.0487063083817076,True
gp,chronos-bolt-small,1.5,1.43,4,0.9,zero_shot,66,0.9090909090909091,1.1298469568055343,True
gp,chronos-bolt-small,1.5,1.43,4,0.9,conformal,66,0.9090909090909091,1.131659612920896,True
gp,chronos-bolt-small,1.5,1.43,4,0.95,zero_shot,66,0.9090909090909091,1.1298469568055343,False
gp,chronos-bolt-small,1.5,1.43,4,0.95,conformal,66,0.9545454545454546,1.1707262093122177,False
gp,chronos-bolt-small,1.5,1.43,5,0.8,zero_shot,66,0.696969696969697,1.0574701765447934,True
gp,chronos-bolt-small,1.5,1.43,5,0.8,conformal,66,0.5909090909090908,1.0323033699344029,True
gp,chronos-bolt-small,1.5,1.43,5,0.9,zero_shot,66,0.8484848484848485,1.1002395985532814,True
gp,chronos-bolt-small,1.5,1.43,5,0.9,conformal,66,0.8484848484848485,1.0968048642668002,True
gp,chronos-bolt-small,1.5,1.43,5,0.95,zero_shot,66,0.8484848484848485,1.1002395985532814,False
gp,chronos-bolt-small,1.5,1.43,5,0.95,conformal,66,0.8636363636363636,1.1333648321152345,False
gp,chronos-bolt-small,1.5,1.43,6,0.8,zero_shot,66,0.8636363636363636,1.1025563227634898,True
gp,chronos-bolt-small,1.5,1.43,6,0.8,conformal,66,0.8636363636363636,1.0977998324781715,True
gp,chronos-bolt-small,1.5,1.43,6,0.9,zero_shot,66,0.8939393939393939,1.1516758617810727,True
gp,chronos-bolt-small,1.5,1.43,6,0.9,conformal,66,0.9090909090909091,1.1576769570100371,True
gp,chronos-bolt-small,1.5,1.43,6,0.95,zero_shot,66,0.8939393939393939,1.1516758617810727,False
gp,chronos-bolt-small,1.5,1.43,6,0.95,conformal,66,0.9545454545454546,1.2047935844171143,False
gp,chronos-bolt-small,1.5,1.43,7,0.8,zero_shot,71,0.8591549295774648,1.0999984061202044,True
gp,chronos-bolt-small,1.5,1.43,7,0.8,conformal,71,0.8450704225352113,1.085549121922125,True
gp,chronos-bolt-small,1.5,1.43,7,0.9,zero_shot,71,0.9014084507042254,1.1467142244008168,True
gp,chronos-bolt-small,1.5,1.43,7,0.9,conformal,71,0.9154929577464789,1.1535100759694368,True
gp,chronos-bolt-small,1.5,1.43,7,0.95,zero_shot,71,0.9014084507042254,1.1467142244008168,False
gp,chronos-bolt-small,1.5,1.43,7,0.95,conformal,71,0.9577464788732395,1.2022250389696942,False
gp,chronos-bolt-small,3.0,2.87,0,0.8,zero_shot,66,0.7878787878787878,1.131774707380195,True
gp,chronos-bolt-small,3.0,2.87,0,0.8,conformal,66,0.8484848484848485,1.1486849176103875,True
gp,chronos-bolt-small,3.0,2.87,0,0.9,zero_shot,66,0.9090909090909091,1.1843844815093083,True
gp,chronos-bolt-small,3.0,2.87,0,0.9,conformal,66,0.9242424242424242,1.2151501494955728,True
gp,chronos-bolt-small,3.0,2.87,0,0.95,zero_shot,66,0.9090909090909091,1.1843844815093083,False
gp,chronos-bolt-small,3.0,2.87,0,0.95,conformal,66,0.9848484848484849,1.2480213786885084,False
gp,chronos-bolt-small,3.0,2.87,1,0.8,zero_shot,66,0.8333333333333334,1.1226065821894555,True
gp,chronos-bolt-small,3.0,2.87,1,0.8,conformal,66,0.8636363636363636,1.139968329835964,True
gp,chronos-bolt-small,3.0,2.87,1,0.9,zero_shot,66,0.9090909090909091,1.175117392738439,True
gp,chronos-bolt-small,3.0,2.87,1,0.9,conformal,66,0.9696969696969697,1.2198890227905186,True
gp,chronos-bolt-small,3.0,2.87,1,0.95,zero_shot,66,0.9090909090909091,1.175117392738439,False
gp,chronos-bolt-small,3.0,2.87,1,0.95,conformal,66,0.9848484848484849,1.2395824878132224,False
gp,chronos-bolt-small,3.0,2.87,2,0.8,zero_shot,66,0.7272727272727273,1.1113574163779696,True
gp,chronos-bolt-small,3.0,2.87,2,0.8,conformal,66,0.7272727272727273,1.1097409915069796,True
gp,chronos-bolt-small,3.0,2.87,2,0.9,zero_shot,66,0.8484848484848485,1.1661813869517639,True
gp,chronos-bolt-small,3.0,2.87,2,0.9,conformal,66,0.8484848484848485,1.165131227784975,True
gp,chronos-bolt-small,3.0,2.87,2,0.95,zero_shot,66,0.8484848484848485,1.1661813869517639,False
gp,chronos-bolt-small,3.0,2.87,2,0.95,conformal,66,0.9696969696969697,1.2224833698076645,False
gp,chronos-bolt-small,3.0,2.87,3,0.8,zero_shot,66,0.8939393939393939,1.12729262654679,True
gp,chronos-bolt-small,3.0,2.87,3,0.8,conformal,66,0.9090909090909091,1.1340745028896677,True
gp,chronos-bolt-small,3.0,2.87,3,0.9,zero_shot,66,0.9696969696969697,1.1806532359191315,True
gp,chronos-bolt-small,3.0,2.87,3,0.9,conformal,66,0.9696969696969697,1.189612344844761,True
gp,chronos-bolt-small,3.0,2.87,3,0.95,zero_shot,66,0.9696969696969697,1.1806532359191315,False
gp,chronos-bolt-small,3.0,2.87,3,0.95,conformal,66,0.9696969696969697,1.2246302629286907,False
gp,chronos-bolt-small,3.0,2.87,4,0.8,zero_shot,66,0.8181818181818181,1.0980135469785617,True
gp,chronos-bolt-small,3.0,2.87,4,0.8,conformal,66,0.7878787878787878,1.0889549766497573,True
gp,chronos-bolt-small,3.0,2.87,4,0.9,zero_shot,66,0.8939393939393939,1.1484388161138828,True
gp,chronos-bolt-small,3.0,2.87,4,0.9,conformal,66,0.8787878787878788,1.1429390281939653,True
gp,chronos-bolt-small,3.0,2.87,4,0.95,zero_shot,66,0.8939393939393939,1.1484388161138828,False
gp,chronos-bolt-small,3.0,2.87,4,0.95,conformal,66,0.9696969696969697,1.1883196643627805,False
gp,chronos-bolt-small,3.0,2.87,5,0.8,zero_shot,66,0.5757575757575757,1.0492046129100023,True
gp,chronos-bolt-small,3.0,2.87,5,0.8,conformal,66,0.5151515151515151,1.0367289607878407,True
gp,chronos-bolt-small,3.0,2.87,5,0.9,zero_shot,66,0.7121212121212122,1.098243590369569,True
gp,chronos-bolt-small,3.0,2.87,5,0.9,conformal,66,0.696969696969697,1.0951988793954108,True
gp,chronos-bolt-small,3.0,2.87,5,0.95,zero_shot,66,0.7121212121212122,1.098243590369569,False
gp,chronos-bolt-small,3.0,2.87,5,0.95,conformal,66,0.7727272727272727,1.1168166988564416,False
gp,chronos-bolt-small,3.0,2.87,6,0.8,zero_shot,66,0.8333333333333334,1.128714921504458,True
gp,chronos-bolt-small,3.0,2.87,6,0.8,conformal,66,0.8333333333333334,1.140665760942547,True
gp,chronos-bolt-small,3.0,2.87,6,0.9,zero_shot,66,0.9393939393939394,1.1847347618042074,True
gp,chronos-bolt-small,3.0,2.87,6,0.9,conformal,66,0.9696969696969697,1.2099181613477181,True
gp,chronos-bolt-small,3.0,2.87,6,0.95,zero_shot,66,0.9393939393939394,1.1847347618042074,False
gp,chronos-bolt-small,3.0,2.87,6,0.95,conformal,66,1.0,1.2697771125780013,False
gp,chronos-bolt-small,3.0,2.87,7,0.8,zero_shot,71,0.8309859154929577,1.1195828191956514,True
gp,chronos-bolt-small,3.0,2.87,7,0.8,conformal,71,0.8309859154929577,1.1310236485253427,True
gp,chronos-bolt-small,3.0,2.87,7,0.9,zero_shot,71,0.9014084507042254,1.1730915166222764,True
gp,chronos-bolt-small,3.0,2.87,7,0.9,conformal,71,0.9295774647887324,1.18362114450445,True
gp,chronos-bolt-small,3.0,2.87,7,0.95,zero_shot,71,0.9014084507042254,1.1730915166222764,False
gp,chronos-bolt-small,3.0,2.87,7,0.95,conformal,71,0.9577464788732395,1.2414280251695695,False
gp,chronos-bolt-small,6.0,5.73,0,0.8,zero_shot,66,0.7272727272727273,1.1474150690194989,True
gp,chronos-bolt-small,6.0,5.73,0,0.8,conformal,66,0.8181818181818181,1.179023779759368,True
gp,chronos-bolt-small,6.0,5.73,0,0.9,zero_shot,66,0.9242424242424242,1.2010183891396589,True
gp,chronos-bolt-small,6.0,5.73,0,0.9,conformal,66,1.0,1.2612869403314235,True
gp,chronos-bolt-small,6.0,5.73,0,0.95,zero_shot,66,0.9242424242424242,1.2010183891396589,False
gp,chronos-bolt-small,6.0,5.73,0,0.95,conformal,66,1.0,1.2770313658527308,False
gp,chronos-bolt-small,6.0,5.73,1,0.8,zero_shot,66,0.7878787878787878,1.1149904387190686,True
gp,chronos-bolt-small,6.0,5.73,1,0.8,conformal,66,0.9090909090909091,1.1653989870831372,True
gp,chronos-bolt-small,6.0,5.73,1,0.9,zero_shot,66,0.9090909090909091,1.1675384927070613,True
gp,chronos-bolt-small,6.0,5.73,1,0.9,conformal,66,0.9848484848484849,1.2180428720400869,True
gp,chronos-bolt-small,6.0,5.73,1,0.95,zero_shot,66,0.9090909090909091,1.1675384927070613,False
gp,chronos-bolt-small,6.0,5.73,1,0.95,conformal,66,0.9848484848484849,1.2348428344731783,False
gp,chronos-bolt-small,6.0,5.73,2,0.8,zero_shot,66,0.7727272727272727,1.1143210642888857,True
gp,chronos-bolt-small,6.0,5.73,2,0.8,conformal,66,0.8484848484848485,1.1399562271506234,True
gp,chronos-bolt-small,6.0,5.73,2,0.9,zero_shot,66,0.9090909090909091,1.1702233534000221,True
gp,chronos-bolt-small,6.0,5.73,2,0.9,conformal,66,0.9090909090909091,1.17731347117047,True
gp,chronos-bolt-small,6.0,5.73,2,0.95,zero_shot,66,0.9090909090909091,1.1702233534000221,False
gp,chronos-bolt-small,6.0,5.73,2,0.95,conformal,66,0.9242424242424242,1.1963940518506506,False
gp,chronos-bolt-small,6.0,5.73,3,0.8,zero_shot,66,0.8787878787878788,1.130041323254903,True
gp,chronos-bolt-small,6.0,5.73,3,0.8,conformal,66,0.9393939393939394,1.1455831853952474,True
gp,chronos-bolt-small,6.0,5.73,3,0.9,zero_shot,66,0.9545454545454546,1.1849147545379282,True
gp,chronos-bolt-small,6.0,5.73,3,0.9,conformal,66,0.9545454545454546,1.1792224101293827,True
gp,chronos-bolt-small,6.0,5.73,3,0.95,zero_shot,66,0.9545454545454546,1.1849147545379282,False
gp,chronos-bolt-small,6.0,5.73,3,0.95,conformal,66,0.9696969696969697,1.2140501648743873,False
gp,chronos-bolt-small,6.0,5.73,4,0.8,zero_shot,66,0.8333333333333334,1.0981554194337297,True
gp,chronos-bolt-small,6.0,5.73,4,0.8,conformal,66,0.803030303030303,1.0925670551846325,True
gp,chronos-bolt-small,6.0,5.73,4,0.9,zero_shot,66,0.9242424242424242,1.150315736974159,True
gp,chronos-bolt-small,6.0,5.73,4,0.9,conformal,66,0.8787878787878788,1.1335899780789094,True
gp,chronos-bolt-small,6.0,5.73,4,0.95,zero_shot,66,0.9242424242424242,1.150315736974159,False
gp,chronos-bolt-small,6.0,5.73,4,0.95,conformal,66,0.9393939393939394,1.1808669435520558,False
gp,chronos-bolt-small,6.0,5.73,5,0.8,zero_shot,66,0.48484848484848486,1.0388919228587845,True
gp,chronos-bolt-small,6.0,5.73,5,0.8,conformal,66,0.4696969696969697,1.0292324979878282,True
gp,chronos-bolt-small,6.0,5.73,5,0.9,zero_shot,66,0.6515151515151515,1.0911651531057052,True
gp,chronos-bolt-small,6.0,5.73,5,0.9,conformal,66,0.5606060606060606,1.0659159174868102,True
gp,chronos-bolt-small,6.0,5.73,5,0.95,zero_shot,66,0.6515151515151515,1.0911651531057052,False
gp,chronos-bolt-small,6.0,5.73,5,0.95,conformal,66,0.7121212121212122,1.1089297679325358,False
gp,chronos-bolt-small,6.0,5.73,6,0.8,zero_shot,66,0.9242424242424242,1.1426182995054417,True
gp,chronos-bolt-small,6.0,5.73,6,0.8,conformal,66,0.9545454545454546,1.1697383724345465,True
gp,chronos-bolt-small,6.0,5.73,6,0.9,zero_shot,66,0.9696969696969697,1.2005150348154545,True
gp,chronos-bolt-small,6.0,5.73,6,0.9,conformal,66,0.9848484848484849,1.2356366821925948,True
gp,chronos-bolt-small,6.0,5.73,6,0.95,zero_shot,66,0.9696969696969697,1.2005150348154545,False
gp,chronos-bolt-small,6.0,5.73,6,0.95,conformal,66,1.0,1.2800539560494688,False
gp,chronos-bolt-small,6.0,5.73,7,0.8,zero_shot,69,0.8405797101449275,1.1321999036689603,True
gp,chronos-bolt-small,6.0,5.73,7,0.8,conformal,69,0.855072463768116,1.1392105346516126,True
gp,chronos-bolt-small,6.0,5.73,7,0.9,zero_shot,69,0.9130434782608696,1.1891612341112459,True
gp,chronos-bolt-small,6.0,5.73,7,0.9,conformal,69,0.9565217391304348,1.2146935618020522,True
gp,chronos-bolt-small,6.0,5.73,7,0.95,zero_shot,69,0.9130434782608696,1.1891612341112459,False
gp,chronos-bolt-small,6.0,5.73,7,0.95,conformal,69,0.9710144927536232,1.2630365399187058,False
gp,chronos-bolt-small,12.0,11.47,0,0.8,zero_shot,66,0.7878787878787878,1.151432978796173,True
gp,chronos-bolt-small,12.0,11.47,0,0.8,conformal,66,0.8636363636363636,1.1870142687233527,True
gp,chronos-bolt-small,12.0,11.47,0,0.9,zero_shot,66,0.9090909090909091,1.2037208948459648,True
gp,chronos-bolt-small,12.0,11.47,0,0.9,conformal,66,1.0,1.2727976103529695,True
gp,chronos-bolt-small,12.0,11.47,0,0.95,zero_shot,66,0.9090909090909091,1.2037208948459648,False
gp,chronos-bolt-small,12.0,11.47,0,0.95,conformal,66,1.0,1.2941507548293685,False
gp,chronos-bolt-small,12.0,11.47,1,0.8,zero_shot,66,0.7424242424242424,1.1246411148062248,True
gp,chronos-bolt-small,12.0,11.47,1,0.8,conformal,66,0.8939393939393939,1.179093161989675,True
gp,chronos-bolt-small,12.0,11.47,1,0.9,zero_shot,66,0.8787878787878788,1.1770980194378415,True
gp,chronos-bolt-small,12.0,11.47,1,0.9,conformal,66,0.9848484848484849,1.2118010092530718,True
gp,chronos-bolt-small,12.0,11.47,1,0.95,zero_shot,66,0.8787878787878788,1.1770980194378415,False
gp,chronos-bolt-small,12.0,11.47,1,0.95,conformal,66,1.0,1.2526089357686365,False
gp,chronos-bolt-small,12.0,11.47,2,0.8,zero_shot,66,0.8636363636363636,1.1596332229950896,True
gp,chronos-bolt-small,12.0,11.47,2,0.8,conformal,66,0.9242424242424242,1.1843962419291185,True
gp,chronos-bolt-small,12.0,11.47,2,0.9,zero_shot,66,0.9393939393939394,1.2167046914093766,True
gp,chronos-bolt-small,12.0,11.47,2,0.9,conformal,66,0.9393939393939394,1.2266845182346096,True
gp,chronos-bolt-small,12.0,11.47,2,0.95,zero_shot,66,0.9393939393939394,1.2167046914093766,False
gp,chronos-bolt-small,12.0,11.47,2,0.95,conformal,66,0.9545454545454546,1.248101451485525,False
gp,chronos-bolt-small,12.0,11.47,3,0.8,zero_shot,66,0.9393939393939394,1.1537589524473628,True
gp,chronos-bolt-small,12.0,11.47,3,0.8,conformal,66,0.9545454545454546,1.1637951144107073,True
gp,chronos-bolt-small,12.0,11.47,3,0.9,zero_shot,66,0.9696969696969697,1.2074520307506877,True
gp,chronos-bolt-small,12.0,11.47,3,0.9,conformal,66,0.9696969696969697,1.211510756790052,True
gp,chronos-bolt-small,12.0,11.47,3,0.95,zero_shot,66,0.9696969696969697,1.2074520307506877,False
gp,chronos-bolt-small,12.0,11.47,3,0.95,conformal,66,0.9696969696969697,1.227130392502753,False
gp,chronos-bolt-small,12.0,11.47,4,0.8,zero_shot,66,0.8484848484848485,1.1183819804408364,True
gp,chronos-bolt-small,12.0,11.47,4,0.8,conformal,66,0.7272727272727273,1.0874244414867218,True
gp,chronos-bolt-small,12.0,11.47,4,0.9,zero_shot,66,0.9090909090909091,1.1702279854036166,True
gp,chronos-bolt-small,12.0,11.47,4,0.9,conformal,66,0.8484848484848485,1.1264070124830916,True
gp,chronos-bolt-small,12.0,11.47,4,0.95,zero_shot,66,0.9090909090909091,1.1702279854036166,False
gp,chronos-bolt-small,12.0,11.47,4,0.95,conformal,66,0.9242424242424242,1.1758917336604224,False
gp,chronos-bolt-small,12.0,11.47,5,0.8,zero_shot,66,0.5303030303030303,1.0362433226995418,True
gp,chronos-bolt-small,12.0,11.47,5,0.8,conformal,66,0.4545454545454546,1.009142529293857,True
gp,chronos-bolt-small,12.0,11.47,5,0.9,zero_shot,66,0.696969696969697,1.0908310511825945,True
gp,chronos-bolt-small,12.0,11.47,5,0.9,conformal,66,0.5454545454545454,1.0420204701349376,True
gp,chronos-bolt-small,12.0,11.47,5,0.95,zero_shot,66,0.696969696969697,1.0908310511825945,False
gp,chronos-bolt-small,12.0,11.47,5,0.95,conformal,66,0.6212121212121212,1.0733673820810754,False
gp,chronos-bolt-small,12.0,11.47,6,0.8,zero_shot,66,0.9545454545454546,1.1816024564188072,True
gp,chronos-bolt-small,12.0,11.47,6,0.8,conformal,66,0.9848484848484849,1.195856647093438,True
gp,chronos-bolt-small,12.0,11.47,6,0.9,zero_shot,66,1.0,1.2407280880376654,True
gp,chronos-bolt-small,12.0,11.47,6,0.9,conformal,66,1.0,1.2748257069041313,True
gp,chronos-bolt-small,12.0,11.47,6,0.95,zero_shot,66,1.0,1.2407280880376654,False
gp,chronos-bolt-small,12.0,11.47,6,0.95,conformal,66,1.0,1.2982911807822202,False
gp,chronos-bolt-small,12.0,11.47,7,0.8,zero_shot,67,0.8805970149253731,1.1567997880926775,True
gp,chronos-bolt-small,12.0,11.47,7,0.8,conformal,67,0.8805970149253731,1.1525130960812786,True
gp,chronos-bolt-small,12.0,11.47,7,0.9,zero_shot,67,0.9402985074626866,1.2167234417050714,True
gp,chronos-bolt-small,12.0,11.47,7,0.9,conformal,67,0.9701492537313433,1.2296169423288332,True
gp,chronos-bolt-small,12.0,11.47,7,0.95,zero_shot,67,0.9402985074626866,1.2167234417050714,False
gp,chronos-bolt-small,12.0,11.47,7,0.95,conformal,67,0.9850746268656716,1.272667997800227,False
gp,chronos-bolt-small,24.0,24.37,0,0.8,zero_shot,65,0.7230769230769231,1.1293815547856882,True
gp,chronos-bolt-small,24.0,24.37,0,0.8,conformal,65,0.9538461538461538,1.2271361746294431,True
gp,chronos-bolt-small,24.0,24.37,0,0.9,zero_shot,65,0.8461538461538461,1.1827649243838323,True
gp,chronos-bolt-small,24.0,24.37,0,0.9,conformal,65,0.9846153846153847,1.2599132554948176,True
gp,chronos-bolt-small,24.0,24.37,0,0.95,zero_shot,65,0.8461538461538461,1.1827649243838323,False
gp,chronos-bolt-small,24.0,24.37,0,0.95,conformal,65,1.0,1.3066020446108146,False
gp,chronos-bolt-small,24.0,24.37,1,0.8,zero_shot,65,0.7384615384615385,1.1195508090893347,True
gp,chronos-bolt-small,24.0,24.37,1,0.8,conformal,65,0.8923076923076922,1.1953526033084856,True
gp,chronos-bolt-small,24.0,24.37,1,0.9,zero_shot,65,0.8615384615384616,1.1750876333749023,True
gp,chronos-bolt-small,24.0,24.37,1,0.9,conformal,65,0.9692307692307692,1.2358223427841986,True
gp,chronos-bolt-small,24.0,24.37,1,0.95,zero_shot,65,0.8615384615384616,1.1750876333749023,False
gp,chronos-bolt-small,24.0,24.37,1,0.95,conformal,65,1.0,1.2960415984368197,False
gp,chronos-bolt-small,24.0,24.37,2,0.8,zero_shot,65,0.6923076923076923,1.1173996713311805,True
gp,chronos-bolt-small,24.0,24.37,2,0.8,conformal,65,0.8461538461538461,1.1642478647195587,True
gp,chronos-bolt-small,24.0,24.37,2,0.9,zero_shot,65,0.8769230769230769,1.178744384689511,True
gp,chronos-bolt-small,24.0,24.37,2,0.9,conformal,65,0.9076923076923077,1.2187166480418377,True
gp,chronos-bolt-small,24.0,24.37,2,0.95,zero_shot,65,0.8769230769230769,1.178744384689511,False
gp,chronos-bolt-small,24.0,24.37,2,0.95,conformal,65,0.9384615384615385,1.2380383557028147,False
gp,chronos-bolt-small,24.0,24.37,3,0.8,zero_shot,65,0.8307692307692307,1.1237860915316094,True
gp,chronos-bolt-small,24.0,24.37,3,0.8,conformal,65,0.9538461538461538,1.1643234391690505,True
gp,chronos-bolt-small,24.0,24.37,3,0.9,zero_shot,65,0.9692307692307692,1.1815114577494408,True
gp,chronos-bolt-small,24.0,24.37,3,0.9,conformal,65,0.9692307692307692,1.214208491417565,True
gp,chronos-bolt-small,24.0,24.37,3,0.95,zero_shot,65,0.9692307692307692,1.1815114577494408,False
gp,chronos-bolt-small,24.0,24.37,3,0.95,conformal,65,0.9846153846153847,1.2533994269849416,False
gp,chronos-bolt-small,24.0,24.37,4,0.8,zero_shot,65,0.7384615384615385,1.0955641642432423,True
gp,chronos-bolt-small,24.0,24.37,4,0.8,conformal,65,0.8461538461538461,1.1204185982787744,True
gp,chronos-bolt-small,24.0,24.37,4,0.9,zero_shot,65,0.9076923076923077,1.1514216863026752,True
gp,chronos-bolt-small,24.0,24.37,4,0.9,conformal,65,0.9076923076923077,1.1725714359317798,True
gp,chronos-bolt-small,24.0,24.37,4,0.95,zero_shot,65,0.9076923076923077,1.1514216863026752,False
gp,chronos-bolt-small,24.0,24.37,4,0.95,conformal,65,0.9230769230769231,1.2130092153234133,False
gp,chronos-bolt-small,24.0,24.37,5,0.8,zero_shot,65,0.4,0.9908057953614984,True
gp,chronos-bolt-small,24.0,24.37,5,0.8,conformal,65,0.41538461538461535,0.9931196611320735,True
gp,chronos-bolt-small,24.0,24.37,5,0.9,zero_shot,65,0.49230769230769234,1.0464915291282912,True
gp,chronos-bolt-small,24.0,24.37,5,0.9,conformal,65,0.49230769230769234,1.0362033384223466,True
gp,chronos-bolt-small,24.0,24.37,5,0.95,zero_shot,65,0.49230769230769234,1.0464915291282912,False
gp,chronos-bolt-small,24.0,24.37,5,0.95,conformal,65,0.6,1.08277449241409,False
gp,chronos-bolt-small,24.0,24.37,6,0.8,zero_shot,65,0.8615384615384616,1.144521306455234,True
gp,chronos-bolt-small,24.0,24.37,6,0.8,conformal,65,0.9230769230769231,1.1766942769866304,True
gp,chronos-bolt-small,24.0,24.37,6,0.9,zero_shot,65,0.9692307692307692,1.2095938194136002,True
gp,chronos-bolt-small,24.0,24.37,6,0.9,conformal,65,1.0,1.2646712158803475,True
gp,chronos-bolt-small,24.0,24.37,6,0.95,zero_shot,65,0.9692307692307692,1.2095938194136002,False
gp,chronos-bolt-small,24.0,24.37,6,0.95,conformal,65,1.0,1.2960516423254564,False
gp,chronos-bolt-small,24.0,24.37,7,0.8,zero_shot,69,0.7536231884057971,1.1180927630548614,True
gp,chronos-bolt-small,24.0,24.37,7,0.8,conformal,69,0.8115942028985508,1.159623104401044,True
gp,chronos-bolt-small,24.0,24.37,7,0.9,zero_shot,69,0.8695652173913043,1.184918457099213,True
gp,chronos-bolt-small,24.0,24.37,7,0.9,conformal,69,0.9565217391304348,1.262233899915517,True
gp,chronos-bolt-small,24.0,24.37,7,0.95,zero_shot,69,0.8695652173913043,1.184918457099213,False
gp,chronos-bolt-small,24.0,24.37,7,0.95,conformal,69,1.0,1.3212730656186231,False
robi,chronos-bolt-small,1.5,1.65,0,0.8,zero_shot,65,0.6615384615384615,1.1030084491760537,True
robi,chronos-bolt-small,1.5,1.65,0,0.8,conformal,65,0.8769230769230769,1.1502276426965856,True
robi,chronos-bolt-small,1.5,1.65,0,0.9,zero_shot,65,0.8769230769230769,1.1612722369617139,True
robi,chronos-bolt-small,1.5,1.65,0,0.9,conformal,65,0.9538461538461538,1.2333888490564668,True
robi,chronos-bolt-small,1.5,1.65,0,0.95,zero_shot,65,0.8769230769230769,1.1612722369617139,False
robi,chronos-bolt-small,1.5,1.65,0,0.95,conformal,65,0.9538461538461538,1.2577220405373346,False
robi,chronos-bolt-small,1.5,1.65,1,0.8,zero_shot,65,0.7384615384615385,1.154475514288341,True
robi,chronos-bolt-small,1.5,1.65,1,0.8,conformal,65,0.7846153846153846,1.1877018380152335,True
robi,chronos-bolt-small,1.5,1.65,1,0.9,zero_shot,65,0.8307692307692307,1.2196413707102203,True
robi,chronos-bolt-small,1.5,1.65,1,0.9,conformal,65,0.8923076923076922,1.2445683212603627,True
robi,chronos-bolt-small,1.5,1.65,1,0.95,zero_shot,65,0.8307692307692307,1.2196413707102203,False
robi,chronos-bolt-small,1.5,1.65,1,0.95,conformal,65,0.9230769230769231,1.320626009939431,False
robi,chronos-bolt-small,1.5,1.65,2,0.8,zero_shot,65,0.7538461538461538,1.1429784403371404,True
robi,chronos-bolt-small,1.5,1.65,2,0.8,conformal,65,0.8153846153846154,1.179580987098675,True
robi,chronos-bolt-small,1.5,1.65,2,0.9,zero_shot,65,0.8307692307692307,1.2147198896329041,True
robi,chronos-bolt-small,1.5,1.65,2,0.9,conformal,65,0.8769230769230769,1.24217983284865,True
robi,chronos-bolt-small,1.5,1.65,2,0.95,zero_shot,65,0.8307692307692307,1.2147198896329041,False
robi,chronos-bolt-small,1.5,1.65,2,0.95,conformal,65,0.9384615384615385,1.3322687098038006,False
robi,chronos-bolt-small,1.5,1.65,3,0.8,zero_shot,65,0.5846153846153845,1.0870305104470868,True
robi,chronos-bolt-small,1.5,1.65,3,0.8,conformal,65,0.7076923076923076,1.1373614822327769,True
robi,chronos-bolt-small,1.5,1.65,3,0.9,zero_shot,65,0.8461538461538461,1.1602495237278359,True
robi,chronos-bolt-small,1.5,1.65,3,0.9,conformal,65,0.8923076923076922,1.1947050507067545,True
robi,chronos-bolt-small,1.5,1.65,3,0.95,zero_shot,65,0.8461538461538461,1.1602495237278359,False
robi,chronos-bolt-small,1.5,1.65,3,0.95,conformal,65,0.9692307692307692,1.2755770540707336,False
robi,chronos-bolt-small,1.5,1.65,4,0.8,zero_shot,65,0.5846153846153845,1.0912801392104272,True
robi,chronos-bolt-small,1.5,1.65,4,0.8,conformal,65,0.8,1.1471292025792164,True
robi,chronos-bolt-small,1.5,1.65,4,0.9,zero_shot,65,0.8,1.1629998285483074,True
robi,chronos-bolt-small,1.5,1.65,4,0.9,conformal,65,0.8615384615384616,1.1992639239056198,True
robi,chronos-bolt-small,1.5,1.65,4,0.95,zero_shot,65,0.8,1.1629998285483074,False
robi,chronos-bolt-small,1.5,1.65,4,0.95,conformal,65,0.9230769230769231,1.2681467885418112,False
robi,chronos-bolt-small,1.5,1.65,5,0.8,zero_shot,65,0.8769230769230769,1.1205923880678132,True
robi,chronos-bolt-small,1.5,1.65,5,0.8,conformal,65,0.9384615384615385,1.1707223941115255,True
robi,chronos-bolt-small,1.5,1.65,5,0.9,zero_shot,65,0.9384615384615385,1.1870809250835286,True
robi,chronos-bolt-small,1.5,1.65,5,0.9,conformal,65,1.0,1.2370159563472636,True
robi,chronos-bolt-small,1.5,1.65,5,0.95,zero_shot,65,0.9384615384615385,1.1870809250835286,False
robi,chronos-bolt-small,1.5,1.65,5,0.95,conformal,65,1.0,1.282111326318446,False
robi,chronos-bolt-small,1.5,1.65,6,0.8,zero_shot,65,0.8307692307692307,1.1724588075573503,True
robi,chronos-bolt-small,1.5,1.65,6,0.8,conformal,65,0.9076923076923077,1.225382843053559,True
robi,chronos-bolt-small,1.5,1.65,6,0.9,zero_shot,65,0.9076923076923077,1.2479619240342124,True
robi,chronos-bolt-small,1.5,1.65,6,0.9,conformal,65,0.9538461538461538,1.2772974712929714,True
robi,chronos-bolt-small,1.5,1.65,6,0.95,zero_shot,65,0.9076923076923077,1.2479619240342124,False
robi,chronos-bolt-small,1.5,1.65,6,0.95,conformal,65,0.9846153846153847,1.3277317623372422,False
robi,chronos-bolt-small,1.5,1.65,7,0.8,zero_shot,69,0.7681159420289855,1.1162083136300656,True
robi,chronos-bolt-small,1.5,1.65,7,0.8,conformal,69,0.8115942028985508,1.1425713571258842,True
robi,chronos-bolt-small,1.5,1.65,7,0.9,zero_shot,69,0.927536231884058,1.1907248088795073,True
robi,chronos-bolt-small,1.5,1.65,7,0.9,conformal,69,0.927536231884058,1.2123377376282043,True
robi,chronos-bolt-small,1.5,1.65,7,0.95,zero_shot,69,0.927536231884058,1.1907248088795073,False
robi,chronos-bolt-small,1.5,1.65,7,0.95,conformal,69,0.9565217391304348,1.2500194085022223,False
robi,chronos-bolt-small,3.0,3.3,0,0.8,zero_shot,65,0.676923076923077,1.1372459736055702,True
robi,chronos-bolt-small,3.0,3.3,0,0.8,conformal,65,0.8307692307692307,1.2059162493271718,True
robi,chronos-bolt-small,3.0,3.3,0,0.9,zero_shot,65,0.8307692307692307,1.2056591699211994,True
robi,chronos-bolt-small,3.0,3.3,0,0.9,conformal,65,0.9538461538461538,1.2927294506276312,True
robi,chronos-bolt-small,3.0,3.3,0,0.95,zero_shot,65,0.8307692307692307,1.2056591699211994,False
robi,chronos-bolt-small,3.0,3.3,0,0.95,conformal,65,0.9846153846153847,1.345172605204052,False
robi,chronos-bolt-small,3.0,3.3,1,0.8,zero_shot,65,0.7230769230769231,1.2124124982735316,True
robi,chronos-bolt-small,3.0,3.3,1,0.8,conformal,65,0.7538461538461538,1.262931664131293,True
robi,chronos-bolt-small,3.0,3.3,1,0.9,zero_shot,65,0.8,1.2866875572862029,True
robi,chronos-bolt-small,3.0,3.3,1,0.9,conformal,65,0.8615384615384616,1.3466172562490932,True
robi,chronos-bolt-small,3.0,3.3,1,0.95,zero_shot,65,0.8,1.2866875572862029,False
robi,chronos-bolt-small,3.0,3.3,1,0.95,conformal,65,0.9076923076923077,1.408401159742638,False
robi,chronos-bolt-small,3.0,3.3,2,0.8,zero_shot,65,0.7230769230769231,1.1930335942548276,True
robi,chronos-bolt-small,3.0,3.3,2,0.8,conformal,65,0.8153846153846154,1.2638118377350236,True
robi,chronos-bolt-small,3.0,3.3,2,0.9,zero_shot,65,0.8153846153846154,1.2767959498923402,True
robi,chronos-bolt-small,3.0,3.3,2,0.9,conformal,65,0.8769230769230769,1.362678865202556,True
robi,chronos-bolt-small,3.0,3.3,2,0.95,zero_shot,65,0.8153846153846154,1.2767959498923402,False
robi,chronos-bolt-small,3.0,3.3,2,0.95,conformal,65,0.9230769230769231,1.454650083572209,False
robi,chronos-bolt-small,3.0,3.3,3,0.8,zero_shot,65,0.5846153846153845,1.0984819415586298,True
robi,chronos-bolt-small,3.0,3.3,3,0.8,conformal,65,0.6923076923076923,1.1799259908692827,True
robi,chronos-bolt-small,3.0,3.3,3,0.9,zero_shot,65,0.676923076923077,1.1810128392332895,True
robi,chronos-bolt-small,3.0,3.3,3,0.9,conformal,65,0.8923076923076922,1.273086350788436,True
robi,chronos-bolt-small,3.0,3.3,3,0.95,zero_shot,65,0.676923076923077,1.1810128392332895,False
robi,chronos-bolt-small,3.0,3.3,3,0.95,conformal,65,1.0,1.3804999917851146,False
robi,chronos-bolt-small,3.0,3.3,4,0.8,zero_shot,65,0.6,1.102941316741268,True
robi,chronos-bolt-small,3.0,3.3,4,0.8,conformal,65,0.7230769230769231,1.1978232516915184,True
robi,chronos-bolt-small,3.0,3.3,4,0.9,zero_shot,65,0.676923076923077,1.184294139682567,True
robi,chronos-bolt-small,3.0,3.3,4,0.9,conformal,65,0.8153846153846154,1.2787682917320615,True
robi,chronos-bolt-small,3.0,3.3,4,0.95,zero_shot,65,0.676923076923077,1.184294139682567,False
robi,chronos-bolt-small,3.0,3.3,4,0.95,conformal,65,0.8615384615384616,1.3583271884709684,False
robi,chronos-bolt-small,3.0,3.3,5,0.8,zero_shot,65,0.7846153846153846,1.1342360651588668,True
robi,chronos-bolt-small,3.0,3.3,5,0.8,conformal,65,0.9384615384615385,1.2388185018366744,True
robi,chronos-bolt-small,3.0,3.3,5,0.9,zero_shot,65,0.8923076923076922,1.209461889615918,True
robi,chronos-bolt-small,3.0,3.3,5,0.9,conformal,65,1.0,1.320924104795666,True
robi,chronos-bolt-small,3.0,3.3,5,0.95,zero_shot,65,0.8923076923076922,1.209461889615918,False
robi,chronos-bolt-small,3.0,3.3,5,0.95,conformal,65,1.0,1.369874283718298,False
robi,chronos-bolt-small,3.0,3.3,6,0.8,zero_shot,65,0.8,1.23073811009451,True
robi,chronos-bolt-small,3.0,3.3,6,0.8,conformal,65,0.9230769230769231,1.329899106375936,True
robi,chronos-bolt-small,3.0,3.3,6,0.9,zero_shot,65,0.8769230769230769,1.3177517046878573,True
robi,chronos-bolt-small,3.0,3.3,6,0.9,conformal,65,0.9692307692307692,1.4218755361821833,True
robi,chronos-bolt-small,3.0,3.3,6,0.95,zero_shot,65,0.8769230769230769,1.3177517046878573,False
robi,chronos-bolt-small,3.0,3.3,6,0.95,conformal,65,1.0,1.4919652687783171,False
robi,chronos-bolt-small,3.0,3.3,7,0.8,zero_shot,69,0.6666666666666667,1.1189780546348043,True
robi,chronos-bolt-small,3.0,3.3,7,0.8,conformal,69,0.7681159420289855,1.188132552736044,True
robi,chronos-bolt-small,3.0,3.3,7,0.9,zero_shot,69,0.782608695652174,1.2040077594174496,True
robi,chronos-bolt-small,3.0,3.3,7,0.9,conformal,69,0.927536231884058,1.2768394054113625,True
robi,chronos-bolt-small,3.0,3.3,7,0.95,zero_shot,69,0.782608695652174,1.2040077594174496,False
robi,chronos-bolt-small,3.0,3.3,7,0.95,conformal,69,0.9855072463768116,1.3259608421044098,False
robi,chronos-bolt-small,6.0,6.6,0,0.8,zero_shot,65,0.5692307692307692,1.11971896227589,True
robi,chronos-bolt-small,6.0,6.6,0,0.8,conformal,65,0.8153846153846154,1.2140630125140195,True
robi,chronos-bolt-small,6.0,6.6,0,0.9,zero_shot,65,0.7538461538461538,1.1926425482016156,True
robi,chronos-bolt-small,6.0,6.6,0,0.9,conformal,65,0.9384615384615385,1.2769591939901868,True
robi,chronos-bolt-small,6.0,6.6,0,0.95,zero_shot,65,0.7538461538461538,1.1926425482016156,False
robi,chronos-bolt-small,6.0,6.6,0,0.95,conformal,65,0.9846153846153847,1.3400780491819868,False
robi,chronos-bolt-small,6.0,6.6,1,0.8,zero_shot,65,0.7076923076923076,1.27115348820669,True
robi,chronos-bolt-small,6.0,6.6,1,0.8,conformal,65,0.8,1.3656079304112922,True
robi,chronos-bolt-small,6.0,6.6,1,0.9,zero_shot,65,0.7846153846153846,1.3510926781108776,True
robi,chronos-bolt-small,6.0,6.6,1,0.9,conformal,65,0.8153846153846154,1.4194460540330982,True
robi,chronos-bolt-small,6.0,6.6,1,0.95,zero_shot,65,0.7846153846153846,1.3510926781108776,False
robi,chronos-bolt-small,6.0,6.6,1,0.95,conformal,65,0.8461538461538461,1.450988724573622,False
robi,chronos-bolt-small,6.0,6.6,2,0.8,zero_shot,65,0.6923076923076923,1.1855801806127766,True
robi,chronos-bolt-small,6.0,6.6,2,0.8,conformal,65,0.8307692307692307,1.2860720149853082,True
robi,chronos-bolt-small,6.0,6.6,2,0.9,zero_shot,65,0.8307692307692307,1.272078315285121,True
robi,chronos-bolt-small,6.0,6.6,2,0.9,conformal,65,0.8923076923076922,1.3779034241827819,True
robi,chronos-bolt-small,6.0,6.6,2,0.95,zero_shot,65,0.8307692307692307,1.272078315285121,False
robi,chronos-bolt-small,6.0,6.6,2,0.95,conformal,65,0.9384615384615385,1.4200626746373617,False
robi,chronos-bolt-small,6.0,6.6,3,0.8,zero_shot,65,0.5846153846153845,1.0995941207086275,True
robi,chronos-bolt-small,6.0,6.6,3,0.8,conformal,65,0.6923076923076923,1.1894516433858622,True
robi,chronos-bolt-small,6.0,6.6,3,0.9,zero_shot,65,0.6923076923076923,1.1873312114290075,True
robi,chronos-bolt-small,6.0,6.6,3,0.9,conformal,65,0.8461538461538461,1.2968096054574516,True
robi,chronos-bolt-small,6.0,6.6,3,0.95,zero_shot,65,0.6923076923076923,1.1873312114290075,False
robi,chronos-bolt-small,6.0,6.6,3,0.95,conformal,65,0.9230769230769231,1.3471981808599938,False
robi,chronos-bolt-small,6.0,6.6,4,0.8,zero_shot,65,0.6,1.053551919727385,True
robi,chronos-bolt-small,6.0,6.6,4,0.8,conformal,65,0.7230769230769231,1.181813271305336,True
robi,chronos-bolt-small,6.0,6.6,4,0.9,zero_shot,65,0.6307692307692307,1.1358766872014094,True
robi,chronos-bolt-small,6.0,6.6,4,0.9,conformal,65,0.8,1.2603566452165076,True
robi,chronos-bolt-small,6.0,6.6,4,0.95,zero_shot,65,0.6307692307692307,1.1358766872014094,False
robi,chronos-bolt-small,6.0,6.6,4,0.95,conformal,65,0.8153846153846154,1.312213558154936,False
robi,chronos-bolt-small,6.0,6.6,5,0.8,zero_shot,65,0.6923076923076923,1.1293415375226583,True
robi,chronos-bolt-small,6.0,6.6,5,0.8,conformal,65,0.8923076923076922,1.2454311446527575,True
robi,chronos-bolt-small,6.0,6.6,5,0.9,zero_shot,65,0.8153846153846154,1.2077801291801735,True
robi,chronos-bolt-small,6.0,6.6,5,0.9,conformal,65,0.9384615384615385,1.3462949637097097,True
robi,chronos-bolt-small,6.0,6.6,5,0.95,zero_shot,65,0.8153846153846154,1.2077801291801735,False
robi,chronos-bolt-small,6.0,6.6,5,0.95,conformal,65,1.0,1.444253414247042,False
robi,chronos-bolt-small,6.0,6.6,6,0.8,zero_shot,65,0.8,1.2533413823032893,True
robi,chronos-bolt-small,6.0,6.6,6,0.8,conformal,65,0.9538461538461538,1.3829683725519137,True
robi,chronos-bolt-small,6.0,6.6,6,0.9,zero_shot,65,0.9384615384615385,1.3422482443622956,True
robi,chronos-bolt-small,6.0,6.6,6,0.9,conformal,65,1.0,1.512213817526359,True
robi,chronos-bolt-small,6.0,6.6,6,0.95,zero_shot,65,0.9384615384615385,1.3422482443622956,False
robi,chronos-bolt-small,6.0,6.6,6,0.95,conformal,65,1.0,1.6053489427959555,False
robi,chronos-bolt-small,6.0,6.6,7,0.8,zero_shot,67,0.5970149253731343,1.1112560147257113,True
robi,chronos-bolt-small,6.0,6.6,7,0.8,conformal,67,0.7313432835820896,1.1977828148957013,True
robi,chronos-bolt-small,6.0,6.6,7,0.9,zero_shot,67,0.7014925373134329,1.199230775319553,True
robi,chronos-bolt-small,6.0,6.6,7,0.9,conformal,67,0.9253731343283582,1.3131488364525776,True
robi,chronos-bolt-small,6.0,6.6,7,0.95,zero_shot,67,0.7014925373134329,1.199230775319553,False
robi,chronos-bolt-small,6.0,6.6,7,0.95,conformal,67,1.0,1.441057984729546,False
robi,chronos-bolt-small,12.0,11.55,0,0.8,zero_shot,65,0.5692307692307692,1.103337477410805,True
robi,chronos-bolt-small,12.0,11.55,0,0.8,conformal,65,0.7384615384615385,1.198907819015751,True
robi,chronos-bolt-small,12.0,11.55,0,0.9,zero_shot,65,0.6923076923076923,1.1801888331894046,True
robi,chronos-bolt-small,12.0,11.55,0,0.9,conformal,65,0.9230769230769231,1.2763756682632734,True
robi,chronos-bolt-small,12.0,11.55,0,0.95,zero_shot,65,0.6923076923076923,1.1801888331894046,False
robi,chronos-bolt-small,12.0,11.55,0,0.95,conformal,65,0.9846153846153847,1.3051057869985314,False
robi,chronos-bolt-small,12.0,11.55,1,0.8,zero_shot,65,0.7076923076923076,1.2755479029068935,True
robi,chronos-bolt-small,12.0,11.55,1,0.8,conformal,65,0.7846153846153846,1.3822855732097048,True
robi,chronos-bolt-small,12.0,11.55,1,0.9,zero_shot,65,0.7692307692307692,1.361231258277335,True
robi,chronos-bolt-small,12.0,11.55,1,0.9,conformal,65,0.8,1.4142298769963197,True
robi,chronos-bolt-small,12.0,11.55,1,0.95,zero_shot,65,0.7692307692307692,1.361231258277335,False
robi,chronos-bolt-small,12.0,11.55,1,0.95,conformal,65,0.8461538461538461,1.472346210538043,False
robi,chronos-bolt-small,12.0,11.55,2,0.8,zero_shot,65,0.676923076923077,1.1808263016570013,True
robi,chronos-bolt-small,12.0,11.55,2,0.8,conformal,65,0.8307692307692307,1.306288959646202,True
robi,chronos-bolt-small,12.0,11.55,2,0.9,zero_shot,65,0.7538461538461538,1.2702292215947126,True
robi,chronos-bolt-small,12.0,11.55,2,0.9,conformal,65,0.9538461538461538,1.4063869270135616,True
robi,chronos-bolt-small,12.0,11.55,2,0.95,zero_shot,65,0.7538461538461538,1.2702292215947126,False
robi,chronos-bolt-small,12.0,11.55,2,0.95,conformal,65,0.9692307692307692,1.4376894741583952,False
robi,chronos-bolt-small,12.0,11.55,3,0.8,zero_shot,65,0.5384615384615384,1.1332757621876897,True
robi,chronos-bolt-small,12.0,11.55,3,0.8,conformal,65,0.8,1.263137534170756,True
robi,chronos-bolt-small,12.0,11.55,3,0.9,zero_shot,65,0.7230769230769231,1.2232978175002962,True
robi,chronos-bolt-small,12.0,11.55,3,0.9,conformal,65,0.9076923076923077,1.3372243764108604,True
robi,chronos-bolt-small,12.0,11.55,3,0.95,zero_shot,65,0.7230769230769231,1.2232978175002962,False
robi,chronos-bolt-small,12.0,11.55,3,0.95,conformal,65,0.9538461538461538,1.39384363247716,False
robi,chronos-bolt-small,12.0,11.55,4,0.8,zero_shot,65,0.5538461538461539,1.0601686318016672,True
robi,chronos-bolt-small,12.0,11.55,4,0.8,conformal,65,0.676923076923077,1.1627151436576548,True
robi,chronos-bolt-small,12.0,11.55,4,0.9,zero_shot,65,0.6615384615384615,1.1441155388798578,True
robi,chronos-bolt-small,12.0,11.55,4,0.9,conformal,65,0.7538461538461538,1.2437759675294018,True
robi,chronos-bolt-small,12.0,11.55,4,0.95,zero_shot,65,0.6615384615384615,1.1441155388798578,False
robi,chronos-bolt-small,12.0,11.55,4,0.95,conformal,65,0.7846153846153846,1.2933056148539548,False
robi,chronos-bolt-small,12.0,11.55,5,0.8,zero_shot,65,0.6923076923076923,1.1525288925352541,True
robi,chronos-bolt-small,12.0,11.55,5,0.8,conformal,65,0.8923076923076922,1.2619472955613276,True
robi,chronos-bolt-small,12.0,11.55,5,0.9,zero_shot,65,0.8153846153846154,1.233448685578599,True
robi,chronos-bolt-small,12.0,11.55,5,0.9,conformal,65,0.9846153846153847,1.3654910038530468,True
robi,chronos-bolt-small,12.0,11.55,5,0.95,zero_shot,65,0.8153846153846154,1.233448685578599,False
robi,chronos-bolt-small,12.0,11.55,5,0.95,conformal,65,1.0,1.457275788621656,False
robi,chronos-bolt-small,12.0,11.55,6,0.8,zero_shot,65,0.8153846153846154,1.2664906951717747,True
robi,chronos-bolt-small,12.0,11.55,6,0.8,conformal,65,0.9846153846153847,1.3892979567393815,True
robi,chronos-bolt-small,12.0,11.55,6,0.9,zero_shot,65,0.9384615384615385,1.3576489579024682,True
robi,chronos-bolt-small,12.0,11.55,6,0.9,conformal,65,1.0,1.5054880740559042,True
robi,chronos-bolt-small,12.0,11.55,6,0.95,zero_shot,65,0.9384615384615385,1.3576489579024682,False
robi,chronos-bolt-small,12.0,11.55,6,0.95,conformal,65,1.0,1.5985226087596627,False
robi,chronos-bolt-small,12.0,11.55,7,0.8,zero_shot,66,0.5909090909090908,1.133784851004643,True
robi,chronos-bolt-small,12.0,11.55,7,0.8,conformal,66,0.7272727272727273,1.2147914073776207,True
robi,chronos-bolt-small,12.0,11.55,7,0.9,zero_shot,66,0.7424242424242424,1.2243829528463201,True
robi,chronos-bolt-small,12.0,11.55,7,0.9,conformal,66,0.8939393939393939,1.3232031252360597,True
robi,chronos-bolt-small,12.0,11.55,7,0.95,zero_shot,66,0.7424242424242424,1.2243829528463201,False
robi,chronos-bolt-small,12.0,11.55,7,0.95,conformal,66,1.0,1.440736873331479,False
robi,chronos-bolt-small,24.0,24.75,0,0.8,zero_shot,64,0.484375,1.1227839652178038,True
robi,chronos-bolt-small,24.0,24.75,0,0.8,conformal,64,0.71875,1.2599996983708535,True
robi,chronos-bolt-small,24.0,24.75,0,0.9,zero_shot,64,0.625,1.2044064790594258,True
robi,chronos-bolt-small,24.0,24.75,0,0.9,conformal,64,0.96875,1.3492055015255506,True
robi,chronos-bolt-small,24.0,24.75,0,0.95,zero_shot,64,0.625,1.2044064790594258,False
robi,chronos-bolt-small,24.0,24.75,0,0.95,conformal,64,0.984375,1.3901138292112514,False
robi,chronos-bolt-small,24.0,24.75,1,0.8,zero_shot,64,0.640625,1.2506381790523513,True
robi,chronos-bolt-small,24.0,24.75,1,0.8,conformal,64,0.84375,1.4085329085134377,True
robi,chronos-bolt-small,24.0,24.75,1,0.9,zero_shot,64,0.75,1.3383776521423203,True
robi,chronos-bolt-small,24.0,24.75,1,0.9,conformal,64,0.875,1.4551174897273063,True
robi,chronos-bolt-small,24.0,24.75,1,0.95,zero_shot,64,0.75,1.3383776521423203,False
robi,chronos-bolt-small,24.0,24.75,1,0.95,conformal,64,0.9375,1.501997331433582,False
robi,chronos-bolt-small,24.0,24.75,2,0.8,zero_shot,64,0.5625,1.1336104424610371,True
robi,chronos-bolt-small,24.0,24.75,2,0.8,conformal,64,0.796875,1.2987942605237144,True
robi,chronos-bolt-small,24.0,24.75,2,0.9,zero_shot,64,0.671875,1.2267629751787263,True
robi,chronos-bolt-small,24.0,24.75,2,0.9,conformal,64,0.828125,1.3610717203946208,True
robi,chronos-bolt-small,24.0,24.75,2,0.95,zero_shot,64,0.671875,1.2267629751787263,False
robi,chronos-bolt-small,24.0,24.75,2,0.95,conformal,64,0.921875,1.4099328390610684,False
robi,chronos-bolt-small,24.0,24.75,3,0.8,zero_shot,64,0.515625,1.1163550220828486,True
robi,chronos-bolt-small,24.0,24.75,3,0.8,conformal,64,0.78125,1.2908672848022824,True
robi,chronos-bolt-small,24.0,24.75,3,0.9,zero_shot,64,0.703125,1.212208740161321,True
robi,chronos-bolt-small,24.0,24.75,3,0.9,conformal,64,0.84375,1.3811046508458755,True
robi,chronos-bolt-small,24.0,24.75,3,0.95,zero_shot,64,0.703125,1.212208740161321,False
robi,chronos-bolt-small,24.0,24.75,3,0.95,conformal,64,0.890625,1.419193670339822,False
robi,chronos-bolt-small,24.0,24.75,4,0.8,zero_shot,64,0.625,1.0958665634378335,True
robi,chronos-bolt-small,24.0,24.75,4,0.8,conformal,64,0.78125,1.2403649225513853,True
robi,chronos-bolt-small,24.0,24.75,4,0.9,zero_shot,64,0.65625,1.1823281910666072,True
robi,chronos-bolt-small,24.0,24.75,4,0.9,conformal,64,0.9375,1.3432316839716674,True
robi,chronos-bolt-small,24.0,24.75,4,0.95,zero_shot,64,0.65625,1.1823281910666072,False
robi,chronos-bolt-small,24.0,24.75,4,0.95,conformal,64,0.96875,1.4006441632888296,False
robi,chronos-bolt-small,24.0,24.75,5,0.8,zero_shot,64,0.671875,1.118893266352808,True
robi,chronos-bolt-small,24.0,24.75,5,0.8,conformal,64,0.921875,1.2535583603660285,True
robi,chronos-bolt-small,24.0,24.75,5,0.9,zero_shot,64,0.8125,1.204440618488093,True
robi,chronos-bolt-small,24.0,24.75,5,0.9,conformal,64,0.96875,1.3492411871509613,True
robi,chronos-bolt-small,24.0,24.75,5,0.95,zero_shot,64,0.8125,1.204440618488093,False
robi,chronos-bolt-small,24.0,24.75,5,0.95,conformal,64,0.984375,1.3724967361253133,False
robi,chronos-bolt-small,24.0,24.75,6,0.8,zero_shot,64,0.75,1.2444306235980918,True
robi,chronos-bolt-small,24.0,24.75,6,0.8,conformal,64,0.984375,1.3951912328273297,True
robi,chronos-bolt-small,24.0,24.75,6,0.9,zero_shot,64,0.9375,1.3429732841617759,True
robi,chronos-bolt-small,24.0,24.75,6,0.9,conformal,64,0.984375,1.4949250040802675,True
robi,chronos-bolt-small,24.0,24.75,6,0.95,zero_shot,64,0.9375,1.3429732841617759,False
robi,chronos-bolt-small,24.0,24.75,6,0.95,conformal,64,0.984375,1.5351327689168004,False
robi,chronos-bolt-small,24.0,24.75,7,0.8,zero_shot,68,0.47058823529411764,1.0964607732340796,True
robi,chronos-bolt-small,24.0,24.75,7,0.8,conformal,68,0.75,1.2121546919713468,True
robi,chronos-bolt-small,24.0,24.75,7,0.9,zero_shot,68,0.7058823529411764,1.1926310513407457,True
robi,chronos-bolt-small,24.0,24.75,7,0.9,conformal,68,0.9117647058823529,1.305801690470634,True
robi,chronos-bolt-small,24.0,24.75,7,0.95,zero_shot,68,0.7058823529411764,1.1926310513407457,False
robi,chronos-bolt-small,24.0,24.75,7,0.95,conformal,68,0.9705882352941176,1.3543838380825772,False
