operator,model,horizon_hours,steps,lead_hours,fold,n,rmse,mae
gp,chronos-bolt-small,1.5,1,1.43,0,66,11.537309203737381,8.254144941512486
gp,chronos-bolt-small,1.5,1,1.43,1,66,11.740734441510547,8.052230983585169
gp,chronos-bolt-small,1.5,1,1.43,2,66,12.035250164137475,7.804226760579574
gp,chronos-bolt-small,1.5,1,1.43,3,66,9.027199350103857,6.407038773842478
gp,chronos-bolt-small,1.5,1,1.43,4,66,9.356981258660362,5.955054003050574
gp,chronos-bolt-small,1.5,1,1.43,5,66,12.58890821160638,8.927330677416105
gp,chronos-bolt-small,1.5,1,1.43,6,66,11.53814411625213,7.693242807281311
gp,chronos-bolt-small,1.5,1,1.43,7,71,11.611244340124486,7.498844458957281
gp,chronos-bolt-small,3.0,2,2.87,0,66,14.64236657639454,11.27909042123313
gp,chronos-bolt-small,3.0,2,2.87,1,66,13.914781194306684,10.692949495103575
gp,chronos-bolt-small,3.0,2,2.87,2,66,14.733900873932475,10.537616076909623
gp,chronos-bolt-small,3.0,2,2.87,3,66,10.692423474390509,8.137949249014266
gp,chronos-bolt-small,3.0,2,2.87,4,66,11.309295388509383,7.8770378075219
gp,chronos-bolt-small,3.0,2,2.87,5,66,15.031976402404204,12.338784782675782
gp,chronos-bolt-small,3.0,2,2.87,6,66,13.97544845524673,10.376359254099194
gp,chronos-bolt-small,3.0,2,2.87,7,71,13.978292749691658,10.229110784528777
gp,chronos-bolt-small,6.0,4,5.73,0,66,15.07231236020038,12.159956817948625
gp,chronos-bolt-small,6.0,4,5.73,1,66,13.75912051986804,10.507035973594636
gp,chronos-bolt-small,6.0,4,5.73,2,66,14.412733937132582,10.483144200858487
gp,chronos-bolt-small,6.0,4,5.73,3,66,10.086117686259318,7.744163839824515
gp,chronos-bolt-small,6.0,4,5.73,4,66,11.268157006263076,8.579118769770655
gp,chronos-bolt-small,6.0,4,5.73,5,66,15.392211438287301,13.495129662721945
gp,chronos-bolt-small,6.0,4,5.73,6,66,13.595443179665795,9.66208689390507
gp,chronos-bolt-small,6.0,4,5.73,7,69,14.387529143227981,11.2856600700167
gp,chronos-bolt-small,12.0,8,11.47,0,66,15.128547162596,11.780550770339723
gp,chronos-bolt-small,12.0,8,11.47,1,66,15.020634213404199,11.23154328972449
gp,chronos-bolt-small,12.0,8,11.47,2,66,16.111263412702353,11.349581281017695
gp,chronos-bolt-small,12.0,8,11.47,3,66,11.646348233753981,8.890392388914831
gp,chronos-bolt-small,12.0,8,11.47,4,66,12.26870178449448,9.36461103643762
gp,chronos-bolt-small,12.0,8,11.47,5,66,14.801598044201324,12.624264899170955
gp,chronos-bolt-small,12.0,8,11.47,6,66,14.751365925707137,10.536435493934068
gp,chronos-bolt-small,12.0,8,11.47,7,67,15.550293678917614,12.012684626780844
gp,chronos-bolt-small,24.0,17,24.37,0,65,15.883063296094939,12.420028775901441
gp,chronos-bolt-small,24.0,17,24.37,1,65,17.12227940701851,13.105522100996696
gp,chronos-bolt-small,24.0,17,24.37,2,65,15.368590816396384,12.564573434221753
gp,chronos-bolt-small,24.0,17,24.37,3,65,10.599263311416566,8.276990039916766
gp,chronos-bolt-small,24.0,17,24.37,4,65,12.803270543492067,9.862167374089243
gp,chronos-bolt-small,24.0,17,24.37,5,65,19.666725679291005,17.091972058328125
gp,chronos-bolt-small,24.0,17,24.37,6,65,15.370004335550354,11.576673386738284
gp,chronos-bolt-small,24.0,17,24.37,7,69,14.764477588590472,12.261435976788666
robi,chronos-bolt-small,1.5,1,1.65,0,65,25.949881014103628,18.993335374098564
robi,chronos-bolt-small,1.5,1,1.65,1,65,37.88723815380723,26.096189185509317
robi,chronos-bolt-small,1.5,1,1.65,2,65,29.17148760232468,21.631697669396033
robi,chronos-bolt-small,1.5,1,1.65,3,65,27.194061548226987,21.33034790039062
robi,chronos-bolt-small,1.5,1,1.65,4,65,30.880003093639843,23.110751253568207
robi,chronos-bolt-small,1.5,1,1.65,5,65,30.975726004557817,15.924985882098857
robi,chronos-bolt-small,1.5,1,1.65,6,65,31.995116805129314,19.789780141977165
robi,chronos-bolt-small,1.5,1,1.65,7,69,30.246013391140163,19.377686320871547
robi,chronos-bolt-small,3.0,2,3.3,0,65,32.81154668788076,25.10100105168269
robi,chronos-bolt-small,3.0,2,3.3,1,65,49.97611922723351,35.429988018329325
robi,chronos-bolt-small,3.0,2,3.3,2,65,37.936052041661156,29.119057804987982
robi,chronos-bolt-small,3.0,2,3.3,3,65,32.008242383657596,26.645721801757812
robi,chronos-bolt-small,3.0,2,3.3,4,65,42.73159676927181,33.82229279972957
robi,chronos-bolt-small,3.0,2,3.3,5,65,36.165480980906096,23.270610736553486
robi,chronos-bolt-small,3.0,2,3.3,6,65,43.331335106606765,28.770225191556495
robi,chronos-bolt-small,3.0,2,3.3,7,69,35.771991407512296,27.39281950135162
robi,chronos-bolt-small,6.0,4,6.6,0,65,34.79287454639749,27.874152930626504
robi,chronos-bolt-small,6.0,4,6.6,1,65,55.608418170157776,42.06057446289062
robi,chronos-bolt-small,6.0,4,6.6,2,65,37.27380298130463,29.78573735163762
robi,chronos-bolt-small,6.0,4,6.6,3,65,34.44973986456623,29.484272798978367
robi,chronos-bolt-small,6.0,4,6.6,4,65,43.259087342915976,34.46064967698317
robi,chronos-bolt-small,6.0,4,6.6,5,65,37.28284071334527,27.160748544546273
robi,chronos-bolt-small,6.0,4,6.6,6,65,42.7818765312751,29.992254540076626
robi,chronos-bolt-small,6.0,4,6.6,7,67,37.240645207929674,30.921632426247665
robi,chronos-bolt-small,12.0,7,11.55,0,65,37.18549096458339,30.513318974421576
robi,chronos-bolt-small,12.0,7,11.55,1,65,56.90150329573985,45.176000661996696
robi,chronos-bolt-small,12.0,7,11.55,2,65,38.727514780630685,31.667667682354267
robi,chronos-bolt-small,12.0,7,11.55,3,65,36.58563957284474,31.546781489445607
robi,chronos-bolt-small,12.0,7,11.55,4,65,44.62750594837008,37.1143732816256
robi,chronos-bolt-small,12.0,7,11.55,5,65,40.241379869072766,30.288648404634916
robi,chronos-bolt-small,12.0,7,11.55,6,65,44.786621612604385,33.18941163517879
robi,chronos-bolt-small,12.0,7,11.55,7,66,41.43542276797548,34.42368231108694
robi,chronos-bolt-small,24.0,15,24.75,0,64,46.768680124820904,39.20733442306519
robi,chronos-bolt-small,24.0,15,24.75,1,64,53.706356645655056,45.0778714799881
robi,chronos-bolt-small,24.0,15,24.75,2,64,44.56221019735865,38.63264365196228
robi,chronos-bolt-small,24.0,15,24.75,3,64,40.74723864935476,37.00979878902435
robi,chronos-bolt-small,24.0,15,24.75,4,64,39.23777111796804,32.8107375717163
robi,chronos-bolt-small,24.0,15,24.75,5,64,39.71726009652184,30.810530905723574
robi,chronos-bolt-small,24.0,15,24.75,6,64,42.02353533324185,32.75181919574737
robi,chronos-bolt-small,24.0,15,24.75,7,68,42.30708879393161,36.72749658023609
